Soil;Temp;Humi;Light Intensity;fieldworks;Pump
22,0;29,7;77,6;1418;1;1
24,0;29,7;78,4;1370;1;1
26,0;29,6;78,2;1354;1;1
28,0;29,6;78,5;1330;1;1
30,0;29,6;78,4;1299;1;1
32,0;29,6;78,7;1301;1;1
34,0;29,6;78,5;1381;1;1
36,0;29,6;78,3;1519;1;1
38,0;29,6;78,1;1809;1;1
40,0;29,5;78,1;1697;1;1
42,0;29,5;77,9;1473;1;1
44,0;29,5;78,1;1549;1;1
46,0;29,5;77,9;1590;1;1
48,0;29,5;77,7;1912;1;1
50,0;29,4;76,5;2131;1;1
52,0;29,4;77,0;1126;1;1
54,0;29,4;77,1;1528;1;1
56,0;29,4;76,8;1769;1;1
58,0;29,4;76,9;764;1;1
46,0;29,5;77,1;260;1;1
100,0;29,5;77,1;204;1;0
100,0;29,5;76,7;184;1;0
100,0;29,5;76,4;165;1;0
100,0;29,5;76,4;148;1;0
100,0;29,5;76,6;138;1;0
100,0;29,5;76,4;135;1;0
70,0;29,5;76,7;136;1;1
54,0;29,4;76,6;135;1;1
50,0;29,4;76,2;136;1;1
100,0;29,4;75,9;139;1;0
100,0;29,4;75,9;130;1;0
100,0;29,4;75,8;124;1;0
51,0;29,4;76,1;119;1;1
56,0;29,4;76,3;125;1;1
60,0;29,4;76,5;133;1;1
57,0;29,4;76,7;133;1;1
59,0;29,5;76,5;160;1;1
60,0;29,5;76,6;292;1;1
58,0;29,5;76,4;401;1;1
56,0;29,5;76,1;528;1;1
5,0;29,5;75,4;725;1;1
-8,0;29,5;75,2;806;1;1
-10,0;29,4;75,2;740;1;1
-3,0;29,4;75,3;712;1;1
-12,0;29,4;75,4;1035;1;1
0,0;29,5;75,2;1049;1;1
2,0;29,5;75,2;1390;1;1
-1,0;29,5;75,1;1174;1;1
-2,0;29,5;75,5;866;1;1
100,0;29,5;75,5;1025;1;0
103,0;29,5;75,6;1049;1;0
105,0;29,5;75,6;1089;1;0
95,0;29,5;76,0;1076;1;0
97,0;29,5;76,0;994;1;0
96,0;29,5;76,1;999;1;0
0,0;29,5;75,9;996;1;1
88,0;29,5;75,9;1004;1;2
82,0;29,5;75,8;1060;1;2
0,0;29,5;76,0;1195;1;1
0,0;29,5;76,0;1174;1;1
0,0;29,5;75,9;1048;1;1
0,0;29,5;75,9;1080;1;1
83,0;29,5;75,8;1211;1;2
74,0;29,6;75,8;1270;1;2
77,0;29,5;75,7;1216;1;2
76,0;29,6;75,6;1130;1;2
76,0;29,6;75,6;1159;1;2
77,0;29,6;75,8;1309;1;2
79,0;29,6;75,7;780;1;2
99,0;29,6;75,7;543;1;0
91,0;29,6;75,8;554;1;2
75,0;29,6;75,9;512;1;1
0,0;29,6;75,8;419;1;1
76,0;29,6;75,7;495;1;1
74,0;29,6;75,8;653;1;1
74,0;29,6;75,9;884;1;1
75,0;29,6;76,1;899;1;1
74,0;29,6;76,5;1125;1;1
75,0;29,6;76,7;831;1;1
75,0;29,6;76,8;518;1;1
76,0;29,6;76,7;521;1;1
77,0;29,6;76,6;497;1;1
79,0;29,6;76,6;572;1;1
81,0;29,6;76,7;566;1;2
83,0;29,6;76,7;449;1;2
86,0;29,6;76,7;442;1;2
90,0;29,6;76,6;461;1;2
94,0;29,5;76,6;522;1;0
97,0;29,5;76,8;675;1;0
100,0;29,5;77,1;820;1;0
105,0;29,5;77,2;649;1;0
104,0;29,5;77,3;502;1;0
106,0;29,5;77,3;398;1;0
102,0;29,5;77,0;330;1;0
105,0;29,5;76,9;293;1;0
101,0;29,5;76,9;256;1;0
100,0;29,5;77,0;240;1;0
99,0;29,5;77,0;224;1;0
103,0;29,5;77,1;224;1;0
106,0;29,4;77,1;239;1;0
106,0;29,4;77,1;255;1;0
107,0;29,4;77,2;250;1;0
110,0;29,4;77,2;247;1;0
109,0;29,4;77,3;255;1;0
110,0;29,4;77,4;311;1;0
115,0;29,4;77,3;385;1;0
113,0;29,4;77,5;565;1;0
112,0;29,4;77,6;746;1;0
114,0;29,4;77,6;905;1;0
120,0;29,4;77,6;1330;1;0
114,0;29,4;77,6;1221;1;0
122,0;29,4;77,6;1315;1;0
121,0;29,4;77,8;1253;1;0
121,0;29,4;77,6;1010;1;0
123,0;29,4;77,6;844;1;0
124,0;29,4;77,5;829;1;0
123,0;29,4;77,4;1043;1;0
108,0;29,4;77,4;1413;1;0
110,0;29,4;77,6;1009;1;0
112,0;29,4;77,8;854;1;0
117,0;29,3;77,9;979;1;0
120,0;29,4;77,6;879;1;0
122,0;29,3;77,6;1157;1;0
122,0;29,4;77,7;1085;1;0
123,0;29,4;77,7;844;1;0
124,0;29,4;77,8;785;1;0
124,0;29,4;78,0;1069;1;0
124,0;29,4;78,0;1085;1;0
124,0;29,4;77,9;1068;1;0
125,0;29,4;77,8;1172;1;0
125,0;29,4;77,8;1204;1;0
125,0;29,4;78,0;1050;1;0
124,0;29,4;78,1;817;1;0
125,0;29,5;78,0;876;1;0
125,0;29,5;78,1;1053;1;0
125,0;29,5;78,1;1074;1;0
125,0;29,5;78,0;1005;1;0
125,0;29,5;78,0;1143;1;0
124,0;29,5;78,1;1153;1;0
126,0;29,5;78,1;1224;1;0
127,0;29,5;77,8;1282;1;0
127,0;29,5;77,7;1299;1;0
127,0;29,5;77,9;1051;1;0
127,0;29,5;78,0;858;1;0
127,0;29,5;78,1;897;1;0
128,0;29,5;77,9;1140;1;0
128,0;29,5;78,0;1230;1;0
128,0;29,6;78,2;1215;1;0
129,0;29,6;78,0;945;1;0
129,0;29,6;78,2;1024;1;0
130,0;29,6;78,4;961;1;0
130,0;29,7;78,0;997;1;0
130,0;29,7;77,8;1117;1;0
129,0;29,7;77,3;983;1;0
131,0;29,8;77,4;911;1;0
131,0;29,8;77,3;680;1;0
132,0;29,8;77,0;888;1;0
131,0;29,8;76,9;720;1;0
132,0;29,8;76,6;869;1;0
132,0;29,9;76,4;395;1;0
131,0;29,9;76,4;259;1;0
128,0;29,9;76,2;220;1;0
129,0;29,9;76,2;201;1;0
131,0;29,9;76,5;190;1;0
131,0;29,9;76,6;198;1;0
132,0;29,9;76,3;234;1;0
132,0;29,9;76,1;343;1;0
105,0;29,2;78,5;522;1;0
115,0;29,4;77,4;622;1;0
116,0;29,5;77,0;662;1;0
117,0;29,6;76,7;825;1;0
117,0;29,6;76,3;978;1;0
117,0;29,6;76,2;938;1;0
118,0;29,6;76,0;959;1;0
102,0;29,6;76,2;678;1;0
99,0;29,6;76,2;687;1;0
0,0;29,7;76,2;729;1;0
0,0;29,7;76,2;763;1;0
0,0;29,7;76,2;1050;1;0
0,0;29,7;76,1;1150;1;0
99,0;29,7;76,2;1156;1;0
96,0;29,7;76,1;1022;1;0
95,0;29,7;75,9;648;1;0
94,0;29,7;75,7;655;1;0
94,0;29,7;75,7;558;1;0
94,0;29,8;75,5;395;1;0
94,0;29,8;75,5;327;1;0
0,0;29,8;75,8;320;1;1
100,0;29,8;75,7;300;1;0
96,0;29,8;75,7;245;1;0
0,0;29,8;75,8;270;1;1
0,0;29,8;75,7;362;1;1
0,0;29,8;75,6;485;1;1
0,0;29,8;75,5;410;1;1
0,0;29,8;75,4;359;1;1
0,0;29,8;75,5;420;1;1
0,0;29,0;78,5;318;1;1
101,0;29,3;78,3;305;1;0
92,0;29,4;77,8;321;1;2
92,0;29,5;77,3;450;1;2
91,0;29,5;77,2;505;1;2
0,0;28,4;76,5;550;1;1
0,0;28,7;75,8;555;1;1
0,0;28,9;75,0;833;1;1
0,0;29,0;74,4;839;1;1
0,0;29,1;74,0;558;1;1
0,0;29,2;73,6;469;1;1
0,0;29,2;73,4;527;1;1
0,0;29,3;73,2;376;1;1
0,0;29,3;73,1;565;1;1
0,0;29,3;73,0;445;1;1
0,0;29,4;72,9;400;1;1
0,0;29,4;72,9;454;1;1
0,0;29,4;72,7;504;1;1
0,0;29,4;72,7;520;1;1
0,0;29,4;72,6;566;1;1
0,0;29,5;72,7;629;1;1
0,0;29,5;72,7;645;1;1
0,0;29,5;72,6;654;1;1
0,0;29,5;72,6;643;1;1
0,0;29,5;72,5;565;1;1
0,0;29,5;72,5;409;1;1
242,0;29,5;72,5;494;1;0
0,0;1,0;1,0;330;1;1
0,0;31,3;83,0;291;1;1
0,0;31,5;81,7;289;1;1
0,0;31,7;80,8;296;1;1
0,0;31,8;80,0;283;1;1
0,0;31,9;79,4;284;1;1
0,0;31,9;78,9;304;1;1
195,0;32,0;78,6;334;1;0
167,0;32,0;78,5;398;1;0
170,0;32,0;78,3;511;1;0
163,0;31,9;78,1;550;1;0
242,0;31,9;78,0;547;1;0
0,0;31,9;78,0;439;1;1
242,0;31,9;77,9;575;1;0
200,0;31,9;77,9;556;1;0
0,0;31,9;77,9;310;1;1
0,0;31,9;77,8;312;1;1
242,0;31,9;77,7;320;1;0
187,0;31,9;77,6;307;1;0
184,0;31,9;77,6;298;1;0
179,0;31,9;77,4;318;1;0
158,0;31,9;77,4;380;1;0
172,0;31,9;77,4;404;1;0
176,0;31,9;77,4;463;1;0
203,0;31,9;77,3;588;1;0
199,0;31,9;77,5;731;1;0
155,0;31,8;77,3;720;1;0
182,0;31,9;77,1;846;1;0
0,0;31,8;77,1;810;1;1
0,0;31,8;77,1;844;1;1
125,0;31,8;77,0;743;1;0
225,0;31,8;77,2;730;1;0
242,0;31,8;76,9;996;1;0
143,0;31,8;76,6;832;1;0
242,0;31,8;76,7;659;1;0
210,0;31,8;76,7;706;1;0
242,0;31,7;76,8;583;1;0
128,0;31,7;76,8;464;1;0
138,0;31,7;76,9;580;1;0
192,0;31,6;77,0;455;1;0
134,0;31,6;77,1;549;1;0
242,0;31,6;77,1;580;1;0
155,0;31,5;77,1;574;1;0
134,0;31,5;77,1;561;1;0
242,0;31,5;77,3;534;1;0
242,0;31,5;77,3;487;1;0
0,0;31,5;77,3;459;1;1
207,0;31,5;77,3;447;1;0
188,0;31,4;77,7;511;1;0
182,0;31,4;77,6;631;1;0
178,0;31,5;77,6;730;1;0
175,0;31,4;77,3;831;1;0
172,0;31,4;77,3;912;1;0
169,0;31,4;77,2;874;1;0
0,0;31,4;77,3;903;1;1
0,0;31,4;77,3;877;1;1
0,0;31,4;77,4;581;1;1
0,0;31,4;77,5;567;1;1
0,0;31,4;77,5;380;1;1
0,0;31,3;77,6;368;1;1
0,0;31,3;77,6;338;1;1
175,0;31,3;77,5;345;1;0
164,0;31,3;77,5;374;1;0
160,0;31,3;77,6;423;1;0
158,0;31,3;77,6;537;1;0
156,0;31,3;77,5;662;1;0
23,0;31,3;77,6;725;1;1
24,0;31,3;77,6;941;1;1
25,0;31,3;77,7;869;1;1
26,0;31,3;77,7;725;1;1
27,0;31,3;77,6;629;1;1
28,0;31,3;77,5;525;1;1
29,0;31,3;77,5;355;1;1
30,0;31,3;77,5;300;1;1
31,0;31,3;77,4;229;1;1
32,0;31,3;77,4;204;1;1
33,0;31,3;77,3;196;1;1
34,0;31,3;77,5;206;1;1
162,0;31,2;77,5;224;1;0
155,0;31,3;77,5;233;1;0
154,0;31,3;77,5;234;1;0
153,0;31,3;77,5;222;1;0
23,0;31,2;77,5;220;1;1
154,0;31,3;77,4;215;1;0
153,0;31,3;77,3;208;1;0
44,0;1,0;1,0;204;1;1
44,0;30,1;80,9;197;1;1
44,0;30,3;80,5;195;1;1
44,0;30,3;80,4;203;1;1
170,0;30,7;78,7;219;1;0
154,0;30,8;78,5;248;1;0
153,0;30,9;78,3;301;1;0
152,0;30,9;78,1;368;1;0
152,0;30,9;77,6;388;1;0
43,0;30,9;77,4;409;1;1
152,0;31,0;77,5;402;1;0
152,0;31,0;77,4;449;1;0
151,0;31,0;77,4;544;1;0
98,0;31,0;77,4;553;1;0
47,0;31,1;77,5;436;1;1
99,0;31,1;77,4;395;1;0
95,0;31,1;77,2;453;1;0
93,0;31,1;77,1;455;1;2
96,0;31,1;76,9;459;1;0
86,0;31,1;76,9;520;1;2
82,0;31,1;76,8;534;1;2
2,0;31,1;76,8;538;1;1
3,0;31,1;76,6;522;1;1
6,0;31,1;76,7;498;1;1
9,0;31,1;76,9;443;1;1
12,0;31,2;76,8;395;1;1
15,0;31,1;76,7;340;1;1
18,0;31,2;76,5;268;1;1
21,0;31,2;76,6;241;1;1
24,0;31,1;76,5;238;1;1
27,0;31,2;76,5;253;1;1
30,0;31,2;76,4;273;1;1
12,0;31,1;76,4;287;1;1
13,0;31,1;76,4;294;1;1
14,0;31,2;76,4;316;1;1
15,0;31,1;76,4;425;1;1
16,0;31,2;76,3;559;1;1
17,0;31,1;76,2;635;1;1
18,0;31,1;76,1;652;1;1
19,0;31,1;76,2;605;1;1
20,0;31,1;76,1;684;1;1
21,0;31,1;76,1;719;1;1
22,0;31,1;76,2;732;1;1
23,0;31,1;76,2;628;1;1
24,0;31,1;76,3;590;1;1
25,0;31,1;76,2;569;1;1
26,0;31,1;76,1;516;1;1
27,0;31,2;76,2;379;1;1
28,0;31,1;76,1;360;1;1
24,0;31,1;76,2;329;1;1
25,0;31,1;76,1;329;1;1
26,0;31,2;76,0;353;1;1
27,0;31,1;76,0;300;1;1
28,0;31,2;76,0;275;1;1
29,0;31,1;76,0;259;1;1
30,0;31,1;75,9;253;1;1
31,0;31,1;75,9;252;1;1
32,0;31,1;76,0;250;1;1
144,0;31,1;75,9;253;1;0
100,0;31,1;75,9;249;1;1
96,0;31,2;75,9;244;1;0
80,0;31,2;76,3;245;1;2
63,0;31,2;75,9;248;1;1
43,0;31,2;75,7;272;1;1
79,0;31,2;75,7;296;1;1
75,0;31,2;75,6;320;1;1
71,0;31,2;75,5;344;1;1
67,0;31,2;75,6;368;1;1
65,0;31,2;75,6;392;1;1
67,0;31,2;75,6;416;1;1
79,0;31,3;75,6;440;1;1
73,0;31,2;75,4;464;1;1
103,0;31,2;75,6;488;1;0
89,0;31,2;75,6;512;1;2
81,0;31,2;75,5;536;1;2
97,0;31,2;75,6;560;1;0
87,0;31,2;75,6;584;1;2
79,0;31,2;75,6;608;1;1
81,0;31,5;74,1;1205;1;2
85,0;31,5;74,3;1297;1;2
88,0;31,5;74,4;796;1;2
91,0;31,5;74,5;830;1;2
95,0;31,5;74,7;856;1;1
91,0;31,5;74,3;865;1;2
90,0;31,5;74,3;854;1;2
87,0;31,5;73,9;795;1;2
86,0;31,6;73,6;747;1;2
84,0;31,6;73,5;740;1;2
83,0;31,6;73,4;754;1;2
82,0;31,6;73,4;761;1;2
87,0;31,6;73,3;809;1;2
91,0;31,6;73,3;1117;1;2
93,0;31,6;73,1;909;1;2
95,0;31,5;73,2;803;1;1
91,0;31,5;73,3;774;1;2
90,0;31,5;73,4;1140;1;2
88,0;31,5;73,5;1265;1;2
87,0;31,5;73,8;1310;1;2
86,0;31,5;73,7;1325;1;2
85,0;31,5;73,6;1299;1;2
83,0;31,5;73,6;1339;1;2
82,0;31,5;73,6;1335;1;2
89,0;31,5;74,3;1339;1;2
91,0;31,5;74,5;1370;1;2
93,0;31,5;74,5;1320;1;2
92,0;31,5;74,4;789;1;2
90,0;31,6;74,3;854;1;2
89,0;31,6;74,2;813;1;2
87,0;31,6;73,6;898;1;2
85,0;31,5;73,2;864;1;2
84,0;31,5;73,5;1332;1;2
83,0;31,5;73,6;1357;1;2
80,0;31,5;73,6;1340;1;1
88,0;31,5;73,7;843;1;2
91,0;31,5;73,8;790;1;2
92,0;31,5;73,7;745;1;2
95,0;31,5;73,6;718;1;0
91,0;31,5;72,9;808;1;2
90,0;31,5;73,0;909;1;2
88,0;31,5;72,9;1150;1;2
86,0;31,5;72,9;662;1;2
85,0;31,5;72,8;647;1;2
83,0;31,5;72,5;647;1;2
82,0;31,5;72,5;667;1;2
86,0;31,5;72,5;880;1;2
92,0;31,5;72,5;621;1;2
93,0;31,5;72,6;608;1;2
92,0;31,5;72,7;579;1;2
90,0;31,4;72,8;676;1;2
88,0;31,4;72,8;1015;1;2
88,0;31,4;72,8;613;1;2
87,0;31,5;72,8;580;1;2
86,0;31,5;73,0;989;1;2
84,0;31,5;73,0;944;1;2
83,0;31,5;72,9;897;1;2
80,0;31,6;72,9;698;1;1
88,0;31,6;72,9;669;1;2
91,0;31,5;73,1;667;1;2
93,0;31,5;73,1;665;1;2
94,0;31,5;73,0;677;1;2
91,0;31,5;72,8;670;1;2
90,0;31,6;73,0;703;1;2
88,0;31,6;73,2;724;1;2
87,0;31,6;73,2;748;1;2
85,0;31,6;73,1;759;1;2
84,0;31,6;73,1;766;1;2
82,0;31,6;73,2;776;1;2
81,0;31,6;73,3;777;1;2
88,0;31,6;73,3;792;1;2
95,0;31,6;73,1;821;1;0
94,0;31,6;73,1;872;1;2
94,0;31,6;73,1;904;1;2
91,0;31,6;73,3;975;1;2
89,0;31,6;73,2;904;1;2
88,0;31,6;73,2;981;1;2
86,0;31,6;73,5;1283;1;2
85,0;31,6;73,4;1270;1;2
83,0;31,5;72,5;1298;1;2
82,0;31,5;72,1;1316;1;2
80,0;31,5;72,3;1064;1;1
90,0;31,5;72,4;1227;1;2
92,0;31,5;72,3;1420;1;2
93,0;31,5;72,3;1524;1;2
95,0;31,5;72,3;1567;1;0
90,0;31,6;72,4;1563;1;2
88,0;31,6;72,4;1541;1;2
87,0;31,6;72,2;1514;1;2
86,0;31,6;72,1;1432;1;2
85,0;31,7;72,0;1355;1;2
84,0;31,7;71,9;1302;1;2
82,0;31,7;71,8;1248;1;2
81,0;31,8;71,8;1242;1;2
89,0;31,8;71,8;1251;1;2
92,0;31,8;71,8;1205;1;2
93,0;31,8;71,9;1284;1;2
95,0;31,8;71,9;1230;1;0
90,0;31,8;71,7;1225;1;2
88,0;31,8;71,3;1245;1;2
87,0;31,9;70,9;1151;1;2
86,0;31,9;71,1;1257;1;2
84,0;31,9;71,3;1198;1;2
83,0;31,9;71,6;1291;1;2
81,0;31,9;71,4;1315;1;2
82,0;31,9;71,3;983;1;2
90,0;32,0;71,2;997;1;2
92,0;31,9;70,4;910;1;2
93,0;31,9;70,5;925;1;2
91,0;31,9;70,6;1038;1;2
90,0;31,9;70,7;1289;1;2
88,0;31,9;70,4;1098;1;2
87,0;32,0;70,4;927;1;2
86,0;32,0;70,8;857;1;2
85,0;31,9;70,6;987;1;2
83,0;31,9;70,6;1162;1;2
82,0;31,9;70,5;1288;1;2
80,0;31,9;70,6;1239;1;1
90,0;31,9;70,2;1280;1;2
92,0;31,9;70,1;1219;1;2
96,0;31,8;70,5;1242;1;0
90,0;31,8;70,5;1243;1;2
89,0;31,8;70,5;1232;1;2
88,0;31,8;70,4;1238;1;2
87,0;31,8;70,4;1245;1;2
85,0;31,8;70,4;1250;1;2
83,0;31,8;70,5;1245;1;2
79,0;31,8;70,6;1200;1;1
81,0;31,8;70,5;1136;1;2
87,0;31,9;70,6;1151;1;2
91,0;31,9;70,6;1175;1;2
93,0;31,9;70,6;1161;1;2
94,0;31,9;70,4;1116;1;2
91,0;31,9;70,4;1074;1;2
90,0;31,9;70,2;1092;1;2
88,0;31,9;70,2;1053;1;2
86,0;31,9;70,0;1042;1;2
86,0;31,9;70,0;1032;1;2
84,0;31,9;70,0;1051;1;2
82,0;31,8;70,2;1050;1;2
84,0;31,8;70,5;1091;1;2
90,0;31,8;70,5;1145;1;2
91,0;31,8;70,4;1175;1;2
96,0;31,8;70,5;1186;1;0
90,0;31,9;70,5;1145;1;2
90,0;31,9;70,5;1109;1;2
88,0;31,9;70,4;1091;1;2
86,0;31,9;70,4;1070;1;2
85,0;31,9;70,5;1022;1;2
83,0;32,0;70,7;1022;1;2
82,0;32,0;70,8;1033;1;2
80,0;32,0;70,7;735;1;1
89,0;32,0;70,7;671;1;2
91,0;31,9;70,2;718;1;2
93,0;31,9;70,1;695;1;2
94,0;31,8;70,5;663;1;2
90,0;31,8;70,9;615;1;2
88,0;31,8;71,0;571;1;2
88,0;31,8;71,4;555;1;2
86,0;31,7;71,5;560;1;2
85,0;31,7;71,6;528;1;2
84,0;31,7;71,1;525;1;2
82,0;31,7;70,6;519;1;2
80,0;31,7;70,6;521;1;1
90,0;31,7;70,8;541;1;2
92,0;31,7;70,9;520;1;2
94,0;31,6;70,9;520;1;2
90,0;31,6;71,0;506;1;2
88,0;31,6;71,1;505;1;2
88,0;31,6;70,8;504;1;2
86,0;31,6;70,5;500;1;2
85,0;31,6;70,4;486;1;2
83,0;31,6;70,3;500;1;2
82,0;31,6;70,3;525;1;2
83,0;31,5;70,6;540;1;2
90,0;31,5;70,3;543;1;2
92,0;31,4;70,2;537;1;2
94,0;31,4;70,5;555;1;2
96,0;31,3;70,7;567;1;0
90,0;31,2;71,1;590;1;2
88,0;31,2;71,5;570;1;2
87,0;31,2;72,0;543;1;2
85,0;31,1;72,2;556;1;2
84,0;31,1;72,2;565;1;2
82,0;31,1;72,1;572;1;2
88,0;31,1;72,0;571;1;2
91,0;31,2;71,9;609;1;2
93,0;31,2;72,0;726;1;2
94,0;31,2;72,1;753;1;2
95,0;31,2;72,2;769;1;0
88,0;31,2;72,2;691;1;2
87,0;31,2;72,2;878;1;2
87,0;31,2;72,2;900;1;2
85,0;31,2;72,2;870;1;2
84,0;31,3;72,3;871;1;2
83,0;31,3;72,3;845;1;2
81,0;31,3;72,3;867;1;2
88,0;31,3;72,4;837;1;2
90,0;31,3;72,5;874;1;2
93,0;31,3;72,6;859;1;2
94,0;31,3;72,7;910;1;2
90,0;31,3;72,5;915;1;2
89,0;31,3;72,5;780;1;2
87,0;31,3;72,5;792;1;2
85,0;31,3;72,1;812;1;2
83,0;31,3;72,1;804;1;2
81,0;31,3;72,2;828;1;2
80,0;31,3;72,4;760;1;1
90,0;31,2;72,2;654;1;2
91,0;31,2;72,2;778;1;2
93,0;31,2;72,3;752;1;2
94,0;31,2;72,3;804;1;2
90,0;31,2;72,4;812;1;2
89,0;31,2;72,3;789;1;2
87,0;31,3;72,4;779;1;2
86,0;31,3;72,6;740;1;2
85,0;31,3;72,8;779;1;2
83,0;31,3;72,8;779;1;2
82,0;31,3;72,7;761;1;2
84,0;31,3;72,7;753;1;2
90,0;31,3;72,5;749;1;2
92,0;31,3;72,1;752;1;2
94,0;31,2;72,1;65535;1;2
90,0;31,2;71,9;784;1;2
88,0;31,2;72,1;813;1;2
87,0;31,2;72,3;839;1;2
87,0;31,3;72,3;794;1;2
85,0;31,3;72,0;802;1;2
84,0;31,2;71,8;814;1;2
82,0;31,1;72,0;802;1;2
80,0;31,0;72,4;809;1;1
90,0;31,0;72,4;865;1;2
93,0;31,0;72,6;882;1;2
95,0;31,0;72,8;868;1;0
90,0;31,0;72,8;854;1;2
89,0;31,0;72,9;842;1;2
87,0;31,0;72,8;843;1;2
85,0;31,1;72,6;855;1;2
85,0;31,1;72,7;867;1;2
83,0;31,1;72,6;891;1;2
82,0;31,1;72,8;926;1;2
81,0;31,2;72,8;936;1;2
88,0;31,2;72,8;924;1;2
91,0;31,2;72,8;944;1;2
92,0;31,2;72,9;918;1;2
94,0;31,2;73,1;949;1;2
90,0;31,2;73,1;945;1;2
88,0;31,2;72,7;943;1;2
86,0;31,2;72,5;941;1;2
85,0;31,2;72,6;934;1;2
84,0;31,2;72,3;927;1;2
83,0;31,3;72,5;930;1;2
80,0;31,3;72,7;954;1;1
90,0;31,3;72,8;65535;1;2
92,0;31,3;72,4;65535;1;2
94,0;31,3;72,4;1050;1;2
92,0;31,3;72,6;1061;1;2
90,0;31,4;72,4;1037;1;2
86,0;31,4;72,1;1009;1;2
85,0;31,4;72,3;1046;1;2
83,0;31,4;72,1;1095;1;2
82,0;31,4;71,9;1052;1;2
81,0;31,4;71,7;979;1;2
88,0;31,5;71,7;914;1;2
91,0;31,5;71,9;883;1;2
92,0;31,5;71,5;869;1;2
94,0;31,5;71,5;867;1;2
90,0;31,5;71,4;826;1;2
88,0;31,5;71,5;635;1;2
86,0;31,5;71,5;914;1;2
85,0;31,5;71,2;902;1;2
83,0;31,4;71,3;904;1;2
82,0;31,4;71,4;914;1;2
84,0;31,3;71,6;878;1;2
90,0;31,3;71,6;475;1;2
92,0;31,3;71,8;838;1;2
93,0;31,3;71,8;851;1;2
90,0;31,3;72,1;850;1;2
88,0;31,4;71,9;894;1;2
87,0;31,4;71,9;949;1;2
86,0;31,4;72,2;1003;1;2
85,0;31,4;72,5;1022;1;2
83,0;31,4;72,7;1035;1;2
82,0;31,4;72,6;954;1;2
81,0;31,4;72,1;932;1;2
88,0;31,4;72,0;914;1;2
91,0;31,4;71,8;856;1;2
93,0;31,4;71,9;949;1;2
94,0;31,4;71,9;976;1;2
90,0;31,4;71,9;1014;1;2
88,0;31,4;72,0;962;1;2
87,0;31,4;72,0;715;1;2
86,0;31,5;72,2;995;1;2
85,0;31,5;72,3;937;1;2
83,0;31,5;72,1;1068;1;2
81,0;31,5;71,9;1019;1;2
80,0;31,5;71,8;691;1;1
90,0;31,5;71,7;1019;1;2
92,0;31,5;71,6;65535;1;2
92,0;31,5;71,7;903;1;2
95,0;31,5;71,9;878;1;0
89,0;31,5;71,9;996;1;2
88,0;31,6;72,0;979;1;2
86,0;31,5;71,7;917;1;2
85,0;31,6;71,8;870;1;2
83,0;31,6;71,7;568;1;2
81,0;31,6;71,7;477;1;2
84,0;31,7;71,7;458;1;2
90,0;31,7;71,7;795;1;2
92,0;31,6;71,8;784;1;2
94,0;31,6;71,7;826;1;2
95,0;31,6;71,6;842;1;0
90,0;31,6;71,4;735;1;2
88,0;31,6;71,4;484;1;2
86,0;31,6;71,6;441;1;2
86,0;31,6;71,7;575;1;2
85,0;31,6;71,4;566;1;2
82,0;31,6;71,4;441;1;2
82,0;31,6;71,5;432;1;2
88,0;31,6;71,8;496;1;2
90,0;31,6;71,9;419;1;2
93,0;31,6;72,4;422;1;2
94,0;31,5;72,5;414;1;2
90,0;31,5;71,9;404;1;2
88,0;31,5;71,9;404;1;2
86,0;31,5;72,0;407;1;2
85,0;31,5;72,1;556;1;2
83,0;31,5;72,3;795;1;2
82,0;31,5;71,8;631;1;2
81,0;31,4;71,6;436;1;2
87,0;31,4;71,7;409;1;2
91,0;31,4;71,8;562;1;2
92,0;31,4;72,0;697;1;2
94,0;31,3;72,1;700;1;2
90,0;31,4;72,5;670;1;2
88,0;31,3;72,5;631;1;2
87,0;31,3;72,4;628;1;2
85,0;31,3;71,6;651;1;2
85,0;31,3;71,3;562;1;2
83,0;31,3;71,2;389;1;2
82,0;31,3;71,2;376;1;2
84,0;31,3;71,1;380;1;2
90,0;31,3;71,1;625;1;2
91,0;31,3;71,1;661;1;2
93,0;31,3;71,3;65535;1;2
91,0;31,3;71,3;720;1;2
88,0;31,3;71,4;714;1;2
87,0;31,3;71,1;596;1;2
86,0;31,3;71,4;613;1;2
84,0;31,3;71,4;474;1;2
84,0;31,3;71,6;446;1;2
82,0;31,3;71,7;407;1;2
86,0;31,3;71,6;357;1;2
90,0;31,3;71,1;456;1;2
92,0;31,3;71,2;492;1;2
93,0;31,2;71,5;505;1;2
90,0;31,2;71,6;675;1;2
88,0;31,2;71,6;537;1;2
87,0;31,2;71,5;380;1;2
85,0;31,2;71,3;386;1;2
85,0;31,1;71,4;737;1;2
83,0;31,1;71,5;635;1;2
81,0;31,1;71,5;790;1;2
88,0;31,2;71,5;824;1;2
90,0;31,2;71,5;867;1;2
93,0;31,2;71,7;747;1;2
94,0;31,2;71,6;417;1;2
89,0;31,1;71,8;404;1;2
87,0;31,2;71,8;394;1;2
86,0;31,2;71,9;400;1;2
84,0;31,2;72,0;445;1;2
83,0;31,2;72,0;482;1;2
81,0;31,2;71,9;919;1;2
87,0;31,2;71,8;872;1;2
90,0;31,2;71,7;843;1;2
92,0;31,2;71,7;834;1;2
94,0;31,2;71,9;810;1;2
91,0;31,2;72,2;875;1;2
89,0;31,3;72,0;927;1;2
87,0;31,3;71,8;971;1;2
86,0;31,3;71,8;943;1;2
84,0;31,3;71,4;928;1;2
83,0;31,3;71,5;771;1;2
81,0;31,3;71,4;859;1;2
80,0;31,2;71,4;968;1;1
88,0;31,2;71,7;998;1;2
91,0;31,2;71,9;919;1;2
93,0;31,2;71,9;873;1;2
94,0;31,2;71,9;886;1;2
90,0;31,2;71,9;869;1;2
88,0;31,2;71,8;792;1;2
87,0;31,3;71,9;716;1;2
85,0;31,3;72,2;1014;1;2
84,0;31,3;72,3;1032;1;2
82,0;31,3;72,1;1085;1;2
80,0;31,3;72,1;1040;1;1
90,0;31,3;72,1;844;1;2
91,0;31,3;72,0;904;1;2
93,0;31,3;72,0;65535;1;2
94,0;31,4;72,2;65535;1;2
90,0;31,4;72,2;927;1;2
87,0;31,4;72,0;917;1;2
86,0;31,4;72,0;464;1;2
84,0;31,4;71,9;447;1;2
83,0;31,4;72,0;434;1;2
81,0;31,4;72,0;949;1;2
80,0;31,4;71,8;950;1;1
88,0;31,4;71,6;967;1;2
91,0;31,4;71,8;1004;1;2
93,0;31,4;71,9;1040;1;2
94,0;31,4;72,2;1062;1;2
90,0;31,4;72,3;1057;1;2
87,0;31,5;72,1;1055;1;2
86,0;31,5;72,0;966;1;2
84,0;31,4;71,8;933;1;2
83,0;31,5;71,6;904;1;2
81,0;31,5;71,7;438;1;2
88,0;31,5;71,6;432;1;2
91,0;31,5;71,7;458;1;2
93,0;31,5;71,8;593;1;2
95,0;31,5;71,7;1007;1;0
88,0;31,4;71,6;972;1;2
87,0;31,4;71,5;965;1;2
85,0;31,4;71,6;949;1;2
84,0;31,4;71,5;849;1;2
82,0;31,4;71,4;924;1;2
80,0;31,4;71,4;922;1;1
88,0;31,4;71,4;914;1;2
91,0;31,4;71,3;584;1;2
93,0;31,4;71,3;609;1;2
90,0;31,4;71,4;458;1;2
88,0;31,4;71,6;695;1;2
87,0;31,4;71,6;442;1;2
85,0;31,4;71,5;984;1;2
83,0;31,4;71,6;1017;1;2
82,0;31,4;71,4;1007;1;2
81,0;31,4;71,5;984;1;2
88,0;31,4;71,7;986;1;2
91,0;31,4;71,7;942;1;2
92,0;31,4;71,7;915;1;2
94,0;31,4;71,6;899;1;2
90,0;31,3;71,6;909;1;2
88,0;31,3;71,7;919;1;2
87,0;31,4;71,6;909;1;2
85,0;31,4;71,6;895;1;2
83,0;31,4;71,6;889;1;2
82,0;31,4;71,7;906;1;2
91,0;31,4;71,2;891;1;2
93,0;31,4;71,2;923;1;2
95,0;31,4;71,2;937;1;0
88,0;31,5;71,2;943;1;2
87,0;31,5;71,3;960;1;2
86,0;31,5;71,5;939;1;2
85,0;31,5;71,6;919;1;2
83,0;31,5;71,6;655;1;2
82,0;31,5;71,6;904;1;2
87,0;31,6;71,6;890;1;2
91,0;31,6;71,5;882;1;2
92,0;31,6;71,7;890;1;2
93,0;31,6;71,8;895;1;2
91,0;31,6;71,8;884;1;2
88,0;31,6;71,7;859;1;2
87,0;31,6;71,7;887;1;2
85,0;31,5;71,7;918;1;2
84,0;31,5;71,8;919;1;2
82,0;31,5;71,9;912;1;2
81,0;31,5;71,9;901;1;2
87,0;31,5;72,0;916;1;2
90,0;31,5;72,1;905;1;2
92,0;31,5;72,1;902;1;2
94,0;31,5;72,1;889;1;2
90,0;31,5;72,3;895;1;2
87,0;31,6;72,2;880;1;2
52,0;29,0;85,6;1123;1;1
67,0;29,1;85,5;1178;1;1
75,0;29,1;85,1;1195;1;1
80,0;29,1;84,6;1223;1;1
84,0;29,2;84,5;1295;1;2
88,0;29,2;84,6;1290;1;2
90,0;29,2;84,5;1235;1;2
90,0;29,3;84,3;1105;1;2
90,0;29,3;84,3;1288;1;2
89,0;29,4;83,5;1335;1;2
90,0;29,4;83,2;1100;1;2
89,0;29,4;83,2;1637;1;2
86,0;29,5;83,2;17361;1;2
80,0;29,6;83,1;15156;1;1
89,0;29,6;83,0;18146;1;2
93,0;29,7;82,3;19058;1;2
88,0;29,8;82,1;9049;1;2
82,0;29,9;82,0;18675;1;2
84,0;29,9;81,8;18513;1;2
88,0;30,1;81,5;9934;1;2
93,0;30,2;81,2;18527;1;2
89,0;30,3;80,5;18477;1;2
83,0;30,5;79,7;18850;1;2
80,0;30,6;79,0;12649;1;1
86,0;30,8;78,7;19250;1;2
90,0;30,9;78,0;19228;1;2
95,0;31,1;76,9;19145;1;0
86,0;31,2;75,4;15542;1;2
80,0;31,3;75,2;19165;1;1
90,0;31,5;75,0;18168;1;2
96,0;31,7;74,2;19243;1;0
86,0;32,0;73,5;15844;1;2
83,0;32,2;73,1;19505;1;2
91,0;32,4;72,5;19512;1;2
90,0;32,6;71,6;19534;1;2
85,0;32,9;71,0;19724;1;2
85,0;33,1;70,3;19518;1;2
89,0;33,4;69,8;19663;1;2
94,0;33,6;67,7;19545;1;2
87,0;33,7;67,1;19648;1;2
80,0;33,9;66,8;19827;1;1
90,0;34,1;66,3;20095;1;2
95,0;34,4;65,1;20072;1;0
86,0;34,6;64,8;20101;1;2
84,0;34,8;64,2;20213;1;2
91,0;35,1;63,8;20300;1;2
88,0;35,3;63,2;20320;1;2
87,0;35,6;61,4;20223;1;2
93,0;35,7;60,9;20194;1;2
87,0;35,9;60,7;19700;1;2
82,0;36,1;60,4;19733;1;2
86,0;36,2;60,1;19820;1;2
94,0;36,4;59,6;20097;1;2
88,0;36,7;59,0;20084;1;2
82,0;36,9;58,6;20567;1;2
87,0;37,2;57,8;17770;1;2
92,0;37,4;57,0;5910;1;2
87,0;37,4;56,7;19690;1;2
80,0;37,5;56,6;20510;1;1
92,0;37,6;56,6;20508;1;2
90,0;37,6;56,1;20595;1;2
83,0;37,8;56,1;20468;1;2
84,0;37,9;55,4;20068;1;2
90,0;38,0;55,2;20377;1;2
90,0;38,1;55,1;20605;1;2
82,0;38,3;55,0;14551;1;2
81,0;38,4;54,5;19882;1;2
88,0;38,5;54,3;21192;1;2
94,0;38,7;54,2;21203;1;2
85,0;38,8;53,8;21235;1;2
86,0;38,9;53,4;21125;1;2
93,0;39,0;53,0;20989;1;2
88,0;39,1;52,5;20596;1;2
83,0;39,1;52,0;20796;1;2
86,0;39,1;52,0;16750;1;2
93,0;39,1;52,1;5926;1;2
84,0;39,1;52,2;21585;1;2
86,0;39,2;51,9;20374;1;2
93,0;39,2;51,9;21240;1;2
86,0;39,3;51,9;17820;1;2
83,0;39,3;52,0;2260;1;2
91,0;39,3;51,7;5047;1;2
95,0;39,1;51,7;10479;1;0
85,0;38,8;51,9;2500;1;2
86,0;38,5;52,5;1515;1;2
93,0;38,3;53,1;1580;1;2
87,0;38,0;53,8;6361;1;2
81,0;37,8;54,3;1830;1;2
88,0;37,4;55,0;11695;1;2
96,0;37,0;56,1;16855;1;0
80,0;36,9;56,7;16410;1;1
92,0;36,8;57,0;4884;1;2
86,0;36,6;57,5;633;1;2
86,0;36,4;57,8;282;1;2
93,0;36,2;58,7;251;1;2
86,0;35,9;59,3;255;1;2
85,0;35,6;59,5;279;1;2
93,0;35,3;60,2;291;1;2
90,0;35,0;60,8;380;1;2
83,0;34,8;61,6;406;1;2
84,0;34,5;62,4;360;1;2
94,0;34,3;62,9;499;1;2
83,0;34,0;63,7;414;1;2
84,0;33,8;64,7;642;1;2
93,0;33,6;65,3;926;1;2
84,0;33,4;65,6;442;1;2
86,0;33,2;66,1;336;1;2
94,0;33,0;67,1;271;1;2
86,0;32,9;67,6;219;1;2
79,0;32,7;68,2;220;1;1
91,0;32,6;68,7;236;1;2
87,0;32,4;69,2;228;1;2
85,0;32,2;69,9;206;1;2
94,0;32,1;70,3;268;1;2
86,0;31,9;70,5;485;1;2
87,0;31,7;71,2;760;1;2
94,0;31,6;71,6;2765;1;2
84,0;31,5;72,1;2923;1;2
85,0;31,5;72,2;1356;1;2
94,0;31,4;72,2;540;1;2
84,0;31,3;72,4;469;1;2
84,0;31,3;72,7;560;1;2
92,0;31,3;72,8;843;1;2
86,0;31,1;73,2;14242;1;2
84,0;31,2;73,2;20795;1;2
93,0;31,4;73,1;20884;1;2
85,0;31,6;72,8;21755;1;2
85,0;31,9;72,1;20741;1;2
94,0;32,2;70,8;3744;1;2
86,0;32,4;70,0;10440;1;2
84,0;32,6;69,3;23023;1;2
92,0;32,9;68,7;23285;1;2
87,0;33,3;67,9;22896;1;2
84,0;33,6;66,7;22921;1;2
91,0;34,0;65,6;22000;1;2
87,0;34,3;64,8;21600;1;2
81,0;34,7;63,9;22279;1;2
88,0;35,1;62,6;23141;1;2
93,0;35,5;61,7;15789;1;2
89,0;35,7;60,9;21240;1;2
81,0;36,0;60,0;22596;1;2
89,0;36,3;59,2;22126;1;2
95,0;36,6;58,3;7757;1;0
84,0;36,7;57,9;19236;1;2
87,0;36,8;57,7;6709;1;2
93,0;36,9;58,0;1784;1;2
93,0;36,7;57,8;2837;1;2
84,0;36,5;58,0;23552;1;2
90,0;36,8;57,5;10562;1;2
94,0;36,9;57,5;2930;1;2
93,0;36,8;57,5;2142;1;2
94,0;36,5;57,8;16127;1;2
82,0;36,6;58,0;3129;1;2
92,0;36,5;58,1;1388;1;2
94,0;36,3;58,6;943;1;2
83,0;36,2;59,0;1048;1;2
86,0;36,0;59,3;1586;1;2
94,0;35,8;59,7;3749;1;2
95,0;35,5;60,2;24185;1;0
81,0;35,6;60,4;24115;1;2
89,0;35,7;60,0;25219;1;2
94,0;35,8;60,1;20160;1;2
88,0;36,1;59,7;4123;1;2
88,0;36,0;59,7;1014;1;2
92,0;35,9;59,5;5310;1;2
94,0;35,9;59,6;5610;1;2
86,0;35,8;60,0;1106;1;2
86,0;35,6;60,5;1044;1;2
94,0;35,4;61,0;5000;1;2
84,0;35,2;61,5;5671;1;2
84,0;35,0;62,0;9128;1;2
93,0;34,7;62,2;22090;1;2
94,0;34,8;62,3;20004;1;2
83,0;34,9;61,9;22730;1;2
93,0;35,0;61,2;22629;1;2
94,0;35,1;61,4;20875;1;2
94,0;nan;nan;14149;1;2
94,0;35,4;60,2;10463;1;2
95,0;35,4;60,5;7351;1;0
81,0;35,4;60,4;4725;1;2
89,0;35,4;60,9;2799;1;2
92,0;35,4;61,0;1889;1;2
81,0;35,3;61,3;1418;2;0
74,0;35,3;61,0;1370;2;2
71,0;35,1;61,4;1354;2;2
67,0;35,0;61,5;1330;2;2
63,0;34,9;61,7;1299;2;2
58,0;34,8;62,0;1301;2;1
67,0;34,6;62,4;1381;2;2
76,0;34,5;62,9;1519;2;2
73,0;34,2;63,6;1809;2;2
66,0;34,1;63,9;1697;2;2
63,0;34,0;64,3;1473;2;2
65,0;33,8;64,4;1549;2;2
76,0;33,7;64,9;1590;2;2
68,0;33,5;65,5;1912;2;2
62,0;33,4;66,0;2131;2;2
77,0;33,3;66,5;1126;2;2
71,0;33,2;66,8;1528;2;2
68,0;33,1;67,1;1769;2;2
60,0;33,0;67,6;764;2;1
71,0;32,9;67,9;260;2;2
75,0;32,8;68,2;204;2;2
66,0;32,8;68,6;184;2;2
65,0;32,7;69,2;165;2;2
74,0;32,6;69,6;148;2;2
75,0;32,5;69,8;138;2;2
65,0;32,4;70,2;135;2;2
63,0;32,3;70,5;136;2;2
65,0;32,1;70,6;135;2;2
78,0;32,0;70,9;136;2;2
73,0;31,9;71,2;139;2;2
69,0;31,9;71,6;130;2;2
67,0;31,8;72,2;124;2;2
75,0;31,7;72,4;119;2;2
72,0;31,7;72,4;125;2;2
65,0;31,6;72,4;133;2;2
63,0;31,5;72,5;133;2;2
64,0;31,4;72,8;160;2;2
81,0;31,3;73,2;292;2;0
70,0;31,3;73,3;401;2;2
61,0;31,2;73,4;528;2;2
62,0;31,2;73,5;725;2;2
75,0;31,2;73,7;806;2;2
72,0;31,1;73,8;740;2;2
65,0;31,1;74,0;712;2;2
63,0;31,0;73,9;1035;2;2
63,0;31,0;74,0;1049;2;2
76,0;31,0;74,1;1390;2;2
62,0;31,0;74,4;1174;2;2
65,0;31,0;74,5;866;2;2
80,0;31,0;74,4;1025;2;0
68,0;31,0;74,4;1049;2;2
64,0;31,0;74,4;1089;2;2
67,0;31,0;74,5;1076;2;2
73,0;31,0;74,5;994;2;2
66,0;31,0;74,5;999;2;2
63,0;31,0;74,5;996;2;2
75,0;31,0;74,6;1004;2;2
73,0;31,0;74,7;1060;2;2
64,0;31,0;74,8;1195;2;2
71,0;31,0;75,0;1174;2;2
81,0;31,0;74,9;1048;2;0
68,0;31,0;74,9;1080;2;2
60,0;31,0;74,6;1211;2;1
74,0;31,1;74,6;1270;2;2
69,0;31,1;74,7;1216;2;2
63,0;31,1;74,8;1130;2;2
62,0;31,1;75,0;1159;2;2
74,0;31,1;75,1;1309;2;2
67,0;31,1;74,8;780;2;2
63,0;31,1;74,8;543;2;2
71,0;31,1;74,8;554;2;2
65,0;31,1;74,9;512;2;2
76,0;31,1;74,3;419;2;2
77,0;31,0;74,4;495;2;2
66,0;31,0;74,5;653;2;2
59,0;31,0;74,8;884;2;1
69,0;31,0;74,9;899;2;2
71,0;31,0;75,1;1125;2;2
63,0;31,0;75,0;831;2;2
71,0;31,0;75,1;518;2;2
73,0;31,0;75,2;521;2;2
62,0;31,0;75,3;497;2;2
65,0;31,0;75,3;572;2;2
69,0;31,0;75,3;566;2;2
62,0;31,0;75,3;449;2;2
67,0;31,0;75,5;442;2;2
73,0;31,0;75,7;461;2;2
62,0;31,0;75,7;522;2;2
69,0;31,0;75,8;675;2;2
74,0;30,9;76,0;820;2;2
65,0;30,9;75,9;649;2;2
80,0;30,9;76,3;502;2;0
64,0;30,9;76,4;398;2;2
70,0;30,9;76,4;330;2;2
69,0;30,9;76,3;293;2;2
54,0;30,9;76,3;256;2;1
73,0;30,9;76,4;240;2;2
73,0;30,9;76,6;224;2;2
60,0;30,9;76,5;224;2;1
75,0;30,9;76,0;239;2;2
71,0;30,9;75,7;255;2;2
68,0;30,9;75,7;250;2;2
80,0;30,9;75,5;247;2;0
67,0;30,9;75,5;255;2;2
68,0;30,8;75,4;311;2;2
76,0;30,8;75,4;385;2;2
70,0;30,8;75,4;565;2;2
58,0;30,8;75,5;746;2;1
70,0;30,8;75,6;905;2;2
74,0;30,8;75,7;1330;2;2
62,0;30,8;75,9;1221;2;2
66,0;30,8;76,0;1315;2;2
80,0;30,8;76,0;1253;2;0
63,0;30,8;76,1;1010;2;2
66,0;30,8;76,1;844;2;2
76,0;30,8;76,3;829;2;2
66,0;30,8;76,0;1043;2;2
61,0;30,8;75,5;1413;2;2
67,0;30,8;75,4;1009;2;2
64,0;30,7;75,6;854;2;2
70,0;30,8;75,7;979;2;2
81,0;30,8;76,0;879;2;0
64,0;30,8;75,9;1157;2;2
64,0;30,8;75,8;1085;2;2
56,0;30,8;75,9;844;2;1
51,0;30,9;75,8;785;2;1
42,0;30,9;75,7;1069;2;1
49,0;30,9;75,7;1085;2;1
35,0;30,9;75,9;1068;2;1
41,0;30,9;75,8;1172;2;1
39,0;30,9;76,1;1204;2;1
42,0;30,9;76,1;1050;2;1
38,0;30,9;75,9;817;2;1
44,0;31,0;75,7;876;2;1
32,0;31,0;75,8;1053;2;1
40,0;31,0;75,8;1074;2;1
46,0;31,0;75,8;1005;2;1
36,0;31,1;75,8;1143;2;1
35,0;31,1;75,8;1153;2;1
31,0;31,1;75,7;1224;2;1
48,0;31,2;75,7;1282;2;1
35,0;31,2;75,6;1299;2;1
47,0;31,2;75,6;1051;2;1
45,0;31,2;75,6;858;2;1
49,0;31,3;75,5;897;2;1
44,0;31,3;75,5;1140;2;1
47,0;31,3;75,8;1230;2;1
44,0;31,3;75,8;1215;2;1
43,0;31,3;75,9;945;2;1
36,0;31,3;75,6;1024;2;1
27,0;31,4;75,6;961;2;1
37,0;31,4;75,6;997;2;1
42,0;31,4;75,6;1117;2;1
45,0;31,4;75,8;983;2;1
48,0;31,4;75,6;911;2;1
56,0;31,4;75,4;680;2;1
54,0;31,4;75,3;888;2;1
54,0;31,4;75,4;720;2;1
64,0;31,4;75,1;869;2;2
69,0;31,4;74,7;395;2;2
71,0;31,4;74,9;259;2;2
71,0;31,4;74,9;220;2;2
65,0;31,4;74,6;201;2;2
77,0;31,3;74,6;190;2;2
61,0;31,3;74,7;198;2;2
74,0;31,3;74,8;234;2;2
78,0;31,3;75,0;343;2;2
69,0;31,2;75,1;522;2;2
72,0;31,2;75,3;622;2;2
80,0;31,2;75,4;662;2;0
60,0;31,2;75,1;825;2;1
80,0;31,1;75,2;978;2;0
59,0;31,1;75,3;938;2;1
76,0;31,1;75,5;959;2;2
60,0;31,1;75,6;678;2;1
80,0;31,1;75,7;687;2;0
64,0;31,1;75,9;729;2;2
76,0;31,1;76,2;763;2;2
65,0;31,1;76,1;1050;2;2
78,0;31,1;76,1;1150;2;2
67,0;31,1;75,7;1156;2;2
73,0;31,2;75,5;1022;2;2
80,0;31,2;75,3;648;2;0
66,0;31,3;75,3;655;2;2
71,0;31,3;75,4;558;2;2
82,0;31,3;75,4;395;2;0
63,0;31,3;75,5;327;2;2
74,0;31,3;75,3;320;2;2
74,0;31,3;75,4;300;2;2
59,0;31,3;75,4;245;2;1
79,0;31,3;75,4;270;2;2
61,0;31,3;75,2;362;2;2
75,0;31,3;75,2;485;2;2
75,0;31,3;75,3;410;2;2
58,0;31,3;75,1;359;2;1
74,0;31,2;74,7;420;2;2
76,0;31,2;74,4;318;2;2
70,0;31,2;74,3;305;2;2
74,0;31,1;74,2;321;2;2
71,0;31,1;74,4;450;2;2
76,0;31,0;74,6;505;2;2
56,0;31,0;74,4;550;2;1
78,0;31,0;74,3;555;2;2
63,0;31,0;74,3;833;2;2
72,0;31,0;74,5;839;2;2
83,0;31,0;74,4;558;2;0
64,0;31,0;74,6;469;2;2
75,0;31,0;74,8;527;2;2
76,0;31,0;74,9;376;2;2
58,0;31,0;74,9;565;2;1
74,0;31,0;75,0;445;2;2
74,0;31,0;75,2;400;2;2
67,0;31,0;75,4;454;2;2
84,0;31,0;75,4;504;2;0
62,0;31,0;75,5;520;2;2
72,0;31,0;75,2;566;2;2
75,0;31,0;75,0;629;2;2
64,0;31,0;75,1;645;2;2
71,0;31,0;74,7;654;2;2
73,0;31,0;74,9;643;2;2
67,0;31,0;75,2;565;2;2
83,0;30,9;74,6;409;2;0
58,0;30,8;74,6;494;2;1
76,0;30,8;75,0;330;2;2
59,0;30,8;74,8;291;2;1
80,0;30,8;74,9;289;2;0
65,0;30,8;74,9;296;2;2
73,0;30,8;74,7;283;2;2
68,0;30,8;74,6;284;2;2
73,0;30,8;75,1;304;2;2
68,0;30,8;74,7;334;2;2
71,0;30,8;74,2;398;2;2
56,0;30,8;73,6;511;2;1
70,0;30,7;73,7;550;2;2
76,0;30,7;73,8;547;2;2
71,0;30,7;73,9;439;2;2
69,0;30,7;74,2;575;2;2
75,0;30,7;74,2;556;2;2
60,0;30,8;74,9;310;2;1
84,0;30,8;75,0;312;2;0
66,0;30,8;74,9;320;2;2
75,0;30,8;74,8;307;2;2
73,0;30,8;74,6;298;2;2
60,0;30,8;74,7;318;2;1
68,0;30,8;74,8;380;2;2
72,0;30,8;74,8;404;2;2
72,0;30,8;75,0;463;2;2
69,0;30,8;75,0;588;2;2
70,0;30,8;75,0;731;2;2
76,0;30,8;75,0;720;2;2
56,0;30,8;74,9;846;2;1
81,0;30,8;74,6;810;2;0
66,0;30,8;74,5;844;2;2
69,0;30,8;74,4;743;2;2
75,0;30,8;74,4;730;2;2
62,0;30,8;74,5;996;2;2
71,0;30,9;74,8;832;2;2
69,0;30,9;75,4;659;2;2
69,0;30,9;75,3;706;2;2
66,0;30,9;75,1;583;2;2
79,0;30,9;75,1;464;2;2
70,0;30,9;75,1;580;2;2
65,0;31,0;75,1;455;2;2
74,0;31,0;75,4;549;2;2
73,0;31,0;75,6;580;2;2
71,0;31,0;75,2;574;2;2
67,0;31,0;75,0;561;2;2
76,0;31,0;74,9;534;2;2
62,0;31,0;74,9;487;2;2
72,0;31,0;75,0;459;2;2
70,0;31,0;75,0;447;2;2
70,0;31,0;75,1;511;2;2
68,0;31,0;74,7;631;2;2
69,0;31,0;74,9;730;2;2
65,0;31,0;74,8;831;2;2
62,0;31,0;74,8;912;2;2
77,0;31,0;74,7;874;2;2
61,0;31,0;74,6;903;2;2
70,0;31,0;74,1;877;2;2
62,0;31,0;73,8;581;2;2
80,0;31,1;73,4;567;2;0
64,0;31,1;73,9;380;2;2
82,0;31,1;74,0;368;2;0
55,0;31,1;73,5;338;2;1
80,0;31,1;73,0;345;2;0
64,0;31,0;73,0;374;2;2
72,0;31,0;73,1;423;2;2
75,0;31,0;73,4;537;2;2
60,0;31,0;73,1;662;2;1
81,0;31,0;72,8;725;2;0
64,0;31,0;73,0;941;2;2
66,0;31,0;73,1;869;2;2
80,0;31,0;72,8;725;2;0
71,0;31,0;72,9;629;2;2
63,0;31,0;73,3;525;2;2
79,0;31,0;73,5;355;2;2
60,0;31,0;73,7;300;2;1
79,0;31,0;73,6;229;2;2
63,0;31,0;73,5;204;2;2
78,0;31,0;73,6;196;2;2
65,0;31,0;73,8;206;2;2
80,0;31,0;73,8;224;2;0
58,0;31,0;73,9;233;2;1
71,0;31,0;74,2;234;2;2
65,0;30,9;74,1;222;2;2
64,0;30,9;74,0;220;2;2
68,0;30,9;74,1;215;2;2
66,0;30,8;74,2;208;2;2
80,0;30,8;74,4;204;2;0
61,0;30,8;74,3;197;2;2
61,0;30,8;73,9;195;2;2
71,0;30,8;74,0;203;2;2
65,0;30,7;73,9;219;2;2
71,0;30,7;73,9;248;2;2
69,0;30,6;74,1;301;2;2
59,0;30,6;74,4;368;2;1
79,0;30,6;74,6;388;2;2
60,0;30,6;74,8;409;2;1
82,0;30,6;74,8;402;2;0
60,0;30,7;74,9;449;2;1
84,0;30,6;74,9;544;2;0
56,0;30,7;75,0;553;2;1
81,0;30,7;75,1;436;2;0
64,0;30,7;75,2;395;2;2
80,0;30,7;75,3;453;2;0
65,0;30,7;75,3;455;2;2
83,0;30,7;75,2;459;2;0
53,0;30,7;75,1;520;2;1
82,0;30,7;75,0;534;2;0
58,0;30,8;75,0;538;2;1
61,0;30,8;74,9;522;2;2
80,0;30,8;74,9;498;2;0
65,0;30,8;74,9;443;2;2
64,0;30,8;74,9;395;2;2
80,0;31,8;74,1;340;2;0
67,0;30,9;75,0;268;2;2
69,0;30,9;75,0;241;2;2
74,0;30,9;74,9;238;2;2
59,0;30,9;74,9;253;2;1
69,0;30,9;74,6;273;2;2
80,0;30,9;74,7;287;2;0
69,0;30,9;74,8;294;2;2
70,0;30,9;75,1;316;2;2
51,0;30,9;75,5;425;2;2
48,0;31,2;71,2;359;3;1
59,0;31,2;71,2;367;3;2
55,0;31,2;71,4;353;3;2
50,0;31,2;71,2;353;3;2
61,0;31,2;71,2;361;3;0
57,0;31,2;71,3;355;3;1
50,0;31,1;71,4;343;3;2
63,0;31,1;71,3;344;3;0
57,0;31,2;71,4;345;3;2
52,0;31,2;71,4;348;3;2
65,0;31,2;71,7;345;3;0
58,0;31,1;71,9;347;3;2
52,0;31,1;72,0;346;3;2
60,0;31,1;72,0;352;3;0
59,0;31,2;72,0;346;3;2
53,0;31,2;72,5;351;3;2
55,0;31,2;72,4;340;3;2
61,0;31,2;71,9;337;3;0
54,0;31,1;71,1;346;3;2
49,0;31,1;71,5;344;3;1
57,0;31,1;71,5;342;3;2
51,0;31,1;71,5;339;3;2
62,0;31,1;71,6;340;3;0
58,0;31,1;71,9;339;3;2
52,0;31,1;72,0;343;3;2
59,0;31,1;72,1;344;3;2
53,0;31,1;72,1;352;3;2
60,0;31,1;72,1;353;3;0
53,0;31,1;72,2;354;3;2
55,0;31,2;72,2;358;3;2
55,0;31,1;72,2;356;3;2
56,0;31,2;72,6;339;3;2
62,0;31,2;72,6;348;3;0
56,0;31,2;72,5;365;3;2
50,0;31,2;72,5;363;3;1
58,0;31,2;72,5;378;3;2
51,0;31,2;72,4;383;3;2
65,0;31,2;72,4;384;3;0
59,0;31,2;72,3;365;3;2
52,0;31,2;72,3;384;3;2
62,0;31,2;72,4;380;3;0
55,0;31,2;72,2;390;3;2
48,0;31,2;72,0;397;3;1
56,0;31,2;72,1;380;3;2
50,0;31,2;72,1;374;3;1
64,0;31,2;71,9;396;3;0
57,0;31,2;71,8;381;3;2
51,0;31,2;72,0;366;3;2
60,0;31,2;72,0;380;3;0
53,0;31,2;71,9;369;3;2
63,0;31,2;72,1;390;3;0
55,0;31,2;72,2;380;3;2
59,0;31,2;72,1;382;3;2
52,0;31,2;72,2;392;3;2
60,0;31,2;72,2;414;3;0
55,0;31,2;72,1;442;3;2
63,0;31,2;72,0;398;3;0
55,0;31,2;71,9;386;3;2
49,0;31,2;72,0;375;3;1
58,0;31,2;72,0;384;3;2
51,0;31,3;72,0;384;3;2
61,0;31,3;72,0;396;3;0
53,0;31,3;72,1;386;3;2
62,0;31,3;72,1;370;3;0
55,0;31,3;72,0;365;3;2
62,0;31,3;72,0;352;3;0
49,0;31,3;72,0;349;3;1
59,0;31,3;71,5;370;3;2
51,0;31,3;71,4;370;3;2
60,0;31,2;71,6;380;3;0
52,0;31,2;71,5;417;3;2
61,0;31,2;71,7;377;3;0
55,0;31,2;71,8;375;3;2
57,0;31,2;71,9;438;3;2
56,0;31,2;71,9;456;3;2
49,0;31,3;72,3;498;3;1
59,0;31,3;72,2;494;3;2
52,0;31,3;72,1;500;3;2
69,0;31,3;71,9;512;3;0
61,0;31,3;71,8;484;3;0
54,0;31,4;71,8;474;3;2
56,0;31,4;71,8;448;3;2
61,0;31,4;70,8;400;3;0
53,0;31,4;70,9;419;3;2
47,0;31,5;71,0;435;3;1
57,0;31,5;70,9;442;3;2
49,0;31,5;70,7;443;3;1
58,0;31,5;70,6;413;3;2
51,0;31,5;70,4;387;3;2
66,0;31,6;70,5;384;3;0
57,0;31,6;70,5;371;3;2
49,0;31,6;70,6;375;3;1
66,0;31,6;70,6;392;3;0
59,0;31,6;70,6;384;3;2
54,0;31,7;70,6;378;3;2
63,0;31,7;70,8;381;3;0
55,0;31,6;70,7;384;3;2
57,0;31,6;70,6;374;3;2
57,0;31,6;70,4;375;3;2
49,0;31,6;70,3;365;3;1
59,0;31,6;70,4;352;3;2
51,0;31,6;70,6;337;3;2
60,0;31,6;70,7;325;3;0
53,0;31,6;70,5;318;3;2
61,0;31,6;70,0;324;3;0
53,0;31,6;70,0;317;3;2
63,0;31,6;70,0;311;3;0
55,0;31,6;70,7;309;3;2
47,0;31,6;71,0;318;3;1
57,0;31,5;71,4;320;3;2
53,0;31,5;71,5;320;3;2
60,0;31,5;71,1;323;3;0
50,0;31,5;70,4;330;3;1
68,0;31,5;70,3;351;3;0
60,0;31,5;70,5;370;3;0
52,0;31,4;70,5;375;3;2
60,0;31,4;70,4;379;3;0
57,0;31,1;72,4;0;3;2
36,0;30,9;72,2;0;3;1
57,0;31,0;71,9;683;3;2
53,0;31,1;71,9;661;3;2
52,0;31,2;71,6;641;3;2
61,0;31,2;71,6;628;3;0
53,0;31,3;71,7;650;3;2
67,0;31,3;71,4;650;3;0
55,0;31,3;71,2;653;3;2
62,0;31,3;71,3;651;3;0
49,0;31,4;71,2;643;3;1
49,0;31,4;70,9;650;3;1
55,0;31,2;71,1;613;3;2
61,0;31,3;71,0;594;3;0
53,0;31,3;71,1;582;3;2
61,0;31,4;71,7;575;3;0
53,0;31,4;71,5;578;3;2
63,0;31,4;71,5;581;3;0
55,0;31,4;71,4;546;3;2
57,0;31,5;71,4;545;3;2
57,0;31,5;71,1;549;3;2
49,0;31,5;70,7;540;3;1
59,0;31,5;70,6;547;3;2
51,0;31,5;70,1;533;3;2
60,0;31,4;70,0;538;3;0
53,0;31,4;70,0;576;3;2
62,0;31,4;70,0;552;3;0
55,0;31,5;70,0;554;3;2
58,0;31,4;70,1;564;3;2
57,0;31,4;70,7;549;3;2
50,0;31,5;70,6;541;3;1
59,0;31,5;70,7;510;3;2
52,0;31,5;70,6;541;3;2
61,0;31,5;70,5;539;3;0
54,0;31,5;70,5;520;3;2
63,0;31,5;70,4;523;3;0
56,0;31,5;70,4;532;3;2
48,0;31,6;70,6;531;3;1
59,0;31,6;70,6;518;3;2
51,0;31,6;70,6;512;3;2
61,0;31,6;69,9;497;3;0
53,0;31,6;70,0;496;3;2
63,0;31,6;70,2;503;3;0
55,0;31,6;70,2;514;3;2
58,0;31,6;70,2;513;3;2
57,0;31,6;70,2;535;3;2
49,0;31,6;70,4;520;3;1
60,0;31,6;70,5;528;3;0
52,0;31,7;70,7;507;3;2
61,0;31,7;70,5;501;3;0
55,0;31,7;70,5;514;3;2
58,0;31,7;70,7;521;3;2
58,0;31,7;70,8;509;3;2
49,0;31,7;70,7;509;3;1
59,0;31,7;70,6;516;3;2
52,0;31,8;70,1;506;3;2
61,0;31,8;69,7;498;3;0
54,0;31,8;69,7;519;3;2
58,0;31,8;69,8;502;3;2
58,0;31,8;70,0;473;3;2
50,0;31,8;69,9;481;3;1
59,0;31,8;69,4;463;3;2
53,0;31,8;69,2;469;3;2
61,0;31,7;69,2;507;3;0
56,0;31,7;69,3;510;3;2
48,0;31,7;69,5;515;3;1
59,0;31,7;69,7;515;3;2
52,0;31,7;69,8;477;3;2
61,0;31,7;70,0;441;3;0
56,0;31,6;70,0;441;3;2
49,0;31,6;70,1;513;3;1
59,0;31,6;70,0;529;3;2
52,0;31,7;70,1;465;3;2
60,0;31,7;70,2;488;3;0
55,0;31,7;70,2;472;3;2
57,0;31,7;70,2;467;3;2
57,0;31,7;70,2;530;3;2
50,0;31,7;70,1;533;3;1
65,0;31,7;70,0;531;3;0
62,0;31,7;70,2;528;3;0
54,0;31,7;70,7;515;3;2
64,0;31,7;70,6;505;3;0
58,0;31,7;70,4;503;3;2
49,0;31,7;70,1;496;3;1
60,0;31,7;70,2;466;3;0
52,0;31,7;70,1;464;3;2
63,0;31,7;69,5;462;3;0
56,0;31,6;69,7;457;3;2
59,0;31,6;69,7;459;3;2
58,0;31,6;69,5;455;3;2
51,0;31,6;69,7;458;3;2
61,0;31,5;69,1;467;3;0
54,0;31,5;68,8;466;3;2
63,0;31,5;68,9;480;3;0
57,0;31,5;69,1;476;3;2
49,0;31,5;69,4;473;3;1
53,0;31,5;69,6;470;3;2
62,0;31,5;69,6;461;3;0
56,0;31,5;69,7;459;3;2
59,0;31,5;69,6;454;3;2
58,0;31,5;69,6;449;3;2
51,0;31,5;70,0;439;3;2
59,0;31,5;70,0;437;3;2
54,0;31,5;69,7;434;3;2
61,0;31,5;69,7;435;3;0
56,0;31,5;69,8;419;3;2
49,0;31,5;69,8;404;3;1
61,0;31,5;70,0;389;3;0
56,0;31,5;69,8;380;3;2
48,0;31,5;69,9;392;3;1
61,0;31,5;69,9;384;3;0
56,0;31,6;70,0;384;3;2
49,0;31,6;70,3;394;3;1
59,0;31,5;70,6;395;3;2
52,0;31,6;70,8;381;3;2
60,0;31,6;70,8;377;3;0
56,0;31,6;70,5;364;3;2
48,0;31,6;70,2;332;3;1
58,0;31,5;69,9;313;3;2
52,0;31,5;69,9;297;3;2
60,0;31,6;70,1;279;3;0
56,0;31,5;70,2;261;3;2
49,0;31,5;70,5;250;3;1
58,0;31,5;70,8;255;3;2
53,0;31,5;70,8;273;3;2
60,0;31,5;70,4;298;3;0
64,0;31,5;70,4;295;3;0
59,0;31,5;70,5;282;3;2
51,0;31,5;70,6;276;3;2
62,0;31,5;70,6;288;3;0
56,0;31,5;70,7;302;3;2
48,0;31,5;70,8;296;3;1
60,0;31,5;71,0;280;3;0
52,0;31,5;70,8;276;3;2
62,0;31,5;70,7;263;3;0
56,0;31,5;70,7;257;3;2
63,0;31,5;70,7;263;3;0
58,0;31,5;70,8;269;3;2
52,0;31,5;70,9;271;3;2
61,0;31,5;71,0;285;3;0
54,0;31,5;70,9;303;3;2
63,0;31,5;70,6;300;3;0
59,0;31,4;70,6;284;3;2
57,0;31,4;71,0;268;3;2
51,0;31,4;71,0;288;3;2
60,0;31,4;71,0;300;3;0
53,0;31,4;70,3;305;3;2
63,0;31,3;70,2;310;3;0
56,0;31,4;70,5;310;3;2
49,0;31,3;70,7;311;3;1
59,0;31,3;70,6;314;3;2
53,0;31,3;70,7;325;3;2
61,0;31,3;70,7;340;3;0
56,0;31,3;70,7;344;3;2
49,0;31,3;70,6;343;3;1
58,0;31,3;70,3;345;3;2
54,0;31,2;70,2;345;3;2
58,0;31,2;70,3;350;3;2
62,0;31,2;70,5;344;3;0
58,0;31,2;70,8;346;3;2
51,0;31,2;70,5;351;3;2
60,0;31,1;70,3;358;3;0
53,0;31,1;70,5;356;3;2
61,0;31,1;70,6;354;3;0
60,0;31,1;70,9;356;3;0
55,0;31,1;71,0;356;3;2
58,0;31,1;71,1;357;3;2
58,0;31,1;71,1;360;3;2
51,0;31,1;71,1;358;3;2
60,0;31,1;70,8;353;3;0
55,0;31,1;70,6;349;3;2
58,0;31,1;70,7;345;3;2
58,0;31,1;70,8;339;3;2
52,0;31,1;70,8;335;3;2
59,0;31,0;70,8;333;3;2
55,0;31,0;70,8;336;3;2
58,0;31,0;70,9;339;3;2
69,0;30,9;71,2;333;3;0
65,0;30,9;71,0;330;3;0
60,0;30,9;71,0;330;3;0
54,0;30,9;70,8;332;3;2
57,0;30,9;70,9;330;3;2
59,0;30,9;70,5;337;3;2
51,0;30,9;69,8;345;3;2
63,0;30,9;69,9;350;3;0
56,0;30,8;70,2;345;3;2
48,0;30,8;70,2;344;3;1
60,0;30,8;70,3;336;3;0
52,0;30,8;70,4;339;3;2
62,0;30,8;70,3;342;3;0
56,0;30,8;70,3;347;3;2
49,0;30,8;70,3;347;3;1
60,0;30,8;70,4;345;3;0
53,0;30,9;70,5;347;3;2
63,0;30,9;70,6;350;3;0
56,0;30,9;70,6;352;3;2
49,0;30,9;70,5;355;3;1
60,0;30,9;70,5;359;3;0
53,0;30,9;70,5;360;3;2
63,0;30,9;70,5;360;3;0
56,0;31,0;70,5;357;3;2
49,0;31,0;70,6;353;3;1
60,0;31,0;70,7;360;3;0
53,0;31,0;70,8;354;3;2
62,0;31,0;71,0;359;3;0
57,0;31,0;71,1;365;3;2
50,0;31,0;71,0;370;3;1
63,0;31,0;70,9;375;3;0
60,0;31,0;71,1;375;3;0
54,0;31,0;71,5;374;3;2
57,0;31,0;71,5;362;3;2
57,0;31,0;71,4;364;3;2
50,0;31,0;71,5;370;3;1
60,0;31,0;71,4;367;3;0
54,0;31,0;71,5;370;3;2
57,0;31,0;71,3;357;3;2
58,0;31,0;71,3;354;3;2
51,0;31,0;71,3;360;3;2
61,0;31,0;71,4;369;3;0
55,0;31,0;71,2;368;3;2
45,0;31,0;71,3;389;3;1
57,0;31,0;71,3;399;3;2
49,0;31,1;71,3;401;3;1
61,0;31,1;71,7;402;3;0
56,0;31,1;71,9;410;3;2
49,0;31,2;71,9;409;3;1
59,0;31,1;71,8;411;3;2
53,0;31,2;71,7;415;3;2
62,0;31,2;71,8;416;3;0
57,0;31,2;71,4;409;3;2
52,0;31,2;71,4;409;3;2
59,0;31,2;71,5;404;3;2
54,0;31,2;71,6;403;3;2
57,0;31,2;71,7;414;3;2
57,0;31,3;71,5;410;3;2
50,0;31,3;71,6;408;3;1
59,0;31,2;71,3;425;3;2
55,0;31,2;70,9;434;3;2
48,0;31,2;71,1;439;3;1
63,0;31,2;71,2;439;3;0
59,0;31,2;71,3;437;3;2
53,0;31,3;71,3;446;3;2
49,0;31,3;71,1;448;3;1
59,0;31,3;71,3;451;3;2
52,0;31,3;71,4;453;3;2
64,0;31,4;71,3;436;3;0
58,0;31,4;71,4;454;3;2
52,0;31,4;71,2;484;3;2
60,0;31,4;71,2;497;3;0
55,0;31,5;71,2;506;3;2
57,0;31,5;71,3;521;3;2
58,0;31,5;70,5;524;3;2
52,0;31,5;70,2;522;3;2
59,0;31,5;70,3;530;3;2
55,0;31,5;70,2;534;3;2
49,0;31,5;70,2;523;3;1
58,0;31,6;70,1;519;3;2
52,0;31,6;69,9;532;3;2
66,0;31,6;70,0;535;3;0
61,0;31,6;70,1;542;3;0
56,0;31,6;70,2;515;3;2
49,0;31,6;70,0;543;3;1
59,0;31,6;69,5;527;3;2
52,0;31,6;69,4;525;3;2
57,0;31,6;69,5;521;3;2
57,0;31,7;69,7;504;3;2
50,0;31,7;69,7;1199;3;2
59,0;31,7;69,7;1198;3;2
54,0;31,6;69,7;1040;3;2
56,0;31,6;69,9;996;3;2
57,0;31,6;70,1;1221;3;2
50,0;31,7;69,9;1264;3;1
63,0;31,7;70,1;1350;3;0
60,0;31,7;70,0;1375;3;0
51,0;31,7;70,0;1393;3;1
75,0;31,8;70,0;1365;3;2
81,0;31,7;69,7;1360;3;0
76,0;31,7;69,7;1304;3;2
74,0;31,7;69,9;1243;3;2
73,0;31,8;70,0;1370;3;2
71,0;31,8;70,1;1321;3;2
69,0;31,8;70,2;1360;3;2
67,0;31,8;70,2;1298;3;2
64,0;31,8;70,1;1275;3;2
59,0;31,8;70,2;1227;3;1
76,0;31,8;70,3;1254;3;2
77,0;31,8;70,0;1273;3;2
76,0;31,8;69,7;1196;3;2
74,0;31,8;69,7;1170;3;2
0,0;31,8;69,8;1118;3;1
0,0;31,8;69,8;1119;3;1
81,0;31,7;69,9;1147;3;0
74,0;31,8;70,5;1285;3;2
72,0;31,8;70,2;1256;3;2
70,0;31,8;70,1;1270;3;2
68,0;31,7;69,5;1267;3;2
66,0;31,7;69,5;1305;3;2
62,0;31,7;69,7;1342;3;2
59,0;31,6;69,6;1398;3;1
75,0;31,6;69,7;1518;3;2
80,0;31,5;69,7;1591;3;0
77,0;31,5;69,8;1585;3;2
75,0;31,6;70,2;1257;3;2
74,0;31,6;70,3;1071;3;2
72,0;31,6;70,3;1044;3;2
71,0;31,7;70,8;1212;3;2
69,0;31,7;70,7;1479;3;2
67,0;31,7;70,7;1553;3;2
64,0;31,8;70,5;1712;3;2
61,0;31,8;70,4;1452;3;2
68,0;31,8;70,3;1329;3;2
77,0;31,8;70,4;1499;3;2
77,0;31,9;69,9;1405;3;2
60,0;31,9;68,5;1491;3;1
76,0;31,9;68,9;1225;3;2
74,0;31,9;69,4;1214;3;2
71,0;31,9;69,4;1228;3;2
69,0;31,9;69,4;1271;3;2
67,0;31,9;69,4;1150;3;2
65,0;31,9;69,3;1095;3;2
62,0;31,9;69,2;1022;3;2
64,0;31,9;69,6;1270;3;2
76,0;31,9;69,9;1431;3;2
80,0;31,9;69,5;1421;3;0
77,0;31,9;69,4;1248;3;2
75,0;31,9;69,5;1158;3;2
74,0;31,9;69,5;1093;3;2
72,0;31,9;69,6;1058;3;2
66,0;31,9;69,9;831;3;2
63,0;31,9;69,6;763;3;2
61,0;31,9;69,5;728;3;2
69,0;31,8;69,3;736;3;2
77,0;31,8;69,0;693;3;2
78,0;31,7;69,3;662;3;2
76,0;31,7;69,5;681;3;2
74,0;31,7;69,6;697;3;2
73,0;31,7;69,9;617;3;2
71,0;31,7;69,5;594;3;2
69,0;31,6;69,2;606;3;2
67,0;31,7;69,3;654;3;2
65,0;31,6;69,2;760;3;2
62,0;31,6;69,2;789;3;2
60,0;31,5;69,4;824;3;1
72,0;31,5;69,7;841;3;2
78,0;31,5;69,9;871;3;2
77,0;31,4;70,2;873;3;2
75,0;31,5;70,3;869;3;2
74,0;31,5;70,5;860;3;2
72,0;31,5;70,6;858;3;2
71,0;31,5;70,3;837;3;2
69,0;31,5;70,2;766;3;2
67,0;31,5;70,2;716;3;2
64,0;31,5;70,3;677;3;2
61,0;31,5;70,2;660;3;2
63,0;31,4;70,5;643;3;2
75,0;31,4;70,6;622;3;2
80,0;31,4;70,7;608;3;0
76,0;31,4;70,8;635;3;2
74,0;31,4;70,7;661;3;2
73,0;31,4;70,6;655;3;2
71,0;31,4;70,7;647;3;2
70,0;31,4;70,8;637;3;2
67,0;31,4;71,0;649;3;2
66,0;31,4;71,1;706;3;2
63,0;31,4;71,1;801;3;2
60,0;31,4;71,2;907;3;1
65,0;31,4;71,1;920;3;2
75,0;31,4;71,1;881;3;2
80,0;31,4;70,9;844;3;0
76,0;31,4;70,7;796;3;2
74,0;31,4;70,9;680;3;2
71,0;31,4;71,0;708;3;2
69,0;31,4;71,2;729;3;2
67,0;31,4;71,1;758;3;2
65,0;31,4;71,1;673;3;2
62,0;31,3;70,8;729;3;2
63,0;31,3;70,8;690;3;2
74,0;31,3;70,8;698;3;2
79,0;31,3;71,0;709;3;2
75,0;31,3;70,9;710;3;2
73,0;31,2;70,8;775;3;2
71,0;31,2;71,0;822;3;2
69,0;31,2;71,1;933;3;2
67,0;31,2;71,2;861;3;2
65,0;31,2;71,3;804;3;2
64,0;31,2;71,2;795;3;2
71,0;31,2;71,3;854;3;2
78,0;31,2;71,4;909;3;2
77,0;31,2;71,3;933;3;2
74,0;31,2;71,3;936;3;2
71,0;31,2;71,2;905;3;2
68,0;31,2;71,5;883;3;2
69,0;31,2;71,5;929;3;2
67,0;31,2;71,5;957;3;2
63,0;31,2;71,6;1006;3;2
61,0;31,2;71,2;992;3;2
70,0;31,2;71,4;984;3;2
78,0;31,2;71,4;955;3;2
74,0;31,2;71,3;991;3;2
71,0;31,2;71,3;1008;3;2
70,0;31,2;71,4;990;3;2
68,0;31,2;71,6;1010;3;2
63,0;31,3;71,6;1027;3;2
63,0;31,3;71,6;1023;3;2
60,0;31,3;71,5;998;3;1
74,0;31,3;71,5;993;3;2
80,0;31,3;71,5;1003;3;0
74,0;31,3;71,1;990;3;2
71,0;31,3;70,5;972;3;2
69,0;31,3;70,4;958;3;2
67,0;31,3;70,4;969;3;2
65,0;31,3;70,4;960;3;2
62,0;31,3;70,5;954;3;2
63,0;31,4;70,9;962;3;2
75,0;31,4;70,9;972;3;2
75,0;31,4;70,9;953;3;2
73,0;31,4;71,0;984;3;2
69,0;31,4;71,0;1001;3;2
68,0;31,4;70,9;985;3;2
66,0;31,4;70,9;981;3;2
62,0;31,4;70,9;974;3;2
69,0;31,4;71,0;950;3;2
78,0;31,4;71,1;944;3;2
74,0;31,4;71,1;944;3;2
70,0;31,5;71,2;924;3;2
69,0;31,5;71,2;929;3;2
68,0;31,5;71,0;946;3;2
65,0;31,5;70,7;931;3;2
62,0;31,5;71,0;934;3;2
73,0;31,5;71,0;924;3;2
78,0;31,5;71,0;949;3;2
71,0;31,4;71,0;938;3;2
70,0;31,5;70,9;909;3;2
67,0;31,5;70,5;920;3;2
65,0;31,4;70,5;923;3;2
61,0;31,4;70,5;926;3;2
69,0;31,4;70,4;955;3;2
75,0;31,4;70,4;963;3;2
70,0;31,4;70,4;984;3;2
67,0;31,4;70,3;1002;3;2
66,0;31,4;70,4;995;3;2
64,0;31,4;70,5;980;3;2
71,0;31,4;70,8;949;3;2
78,0;31,4;71,0;939;3;2
72,0;31,4;71,2;917;3;2
68,0;31,4;71,3;910;3;2
66,0;31,4;71,2;911;3;2
64,0;31,4;71,1;931;3;2
67,0;31,5;71,0;963;3;2
75,0;31,5;70,9;956;3;2
75,0;31,4;70,8;864;3;2
70,0;31,5;70,7;907;3;2
68,0;31,5;70,5;921;3;2
62,0;31,5;70,3;909;3;2
62,0;31,5;70,5;955;3;2
67,0;31,5;70,4;956;3;2
76,0;31,4;70,4;868;3;2
75,0;31,4;70,3;871;3;2
69,0;31,4;70,4;854;3;2
75,0;31,4;70,6;888;3;2
75,0;31,4;70,7;879;3;2
69,0;31,4;70,2;889;3;2
64,0;31,3;70,4;901;3;2
65,0;31,3;70,6;865;3;2
76,0;31,3;70,8;810;3;2
72,0;31,3;70,6;819;3;2
66,0;31,3;70,3;809;3;2
63,0;31,3;70,4;847;3;2
68,0;31,3;70,6;864;3;2
79,0;31,3;70,7;889;3;2
72,0;31,3;70,6;963;3;2
66,0;31,3;70,8;994;3;2
67,0;31,3;70,8;1047;3;2
78,0;31,3;70,7;1003;3;2
65,0;30,9;75,3;559;3;0
57,0;30,9;75,2;635;3;2
53,0;30,9;75,1;652;3;2
49,0;30,9;74,7;605;3;1
58,0;30,9;74,5;684;3;2
49,0;30,9;74,4;719;3;1
42,0;30,9;74,4;732;3;1
60,0;31,0;74,7;628;3;0
59,0;31,0;75,4;590;3;2
42,0;31,0;75,7;569;3;1
50,0;31,0;75,9;516;3;1
58,0;30,9;75,1;379;3;2
48,0;30,9;74,2;360;3;1
61,0;30,9;74,0;329;3;0
55,0;30,9;73,8;329;3;2
49,0;30,9;74,1;353;3;1
63,0;30,9;74,0;300;3;0
56,0;30,9;73,9;275;3;2
63,0;30,8;73,9;259;3;0
55,0;30,8;74,0;253;3;2
50,0;30,8;74,1;252;3;1
47,0;30,8;74,5;250;3;1
58,0;30,8;74,3;253;3;2
46,0;30,7;74,6;249;3;1
60,0;30,7;74,4;244;3;0
50,0;30,7;74,4;245;3;1
49,0;30,7;74,4;248;3;1
59,0;30,7;74,6;272;3;2
50,0;30,7;74,6;303;3;1
51,0;30,7;74,7;329;3;2
61,0;30,7;74,7;394;3;0
50,0;30,7;74,7;479;3;1
67,0;30,7;74,7;489;3;0
59,0;30,7;74,9;465;3;2
53,0;30,7;75,0;409;3;2
55,0;30,7;74,9;382;3;2
56,0;30,7;74,9;382;3;2
57,0;30,7;75,0;370;3;2
54,0;30,7;75,2;461;3;2
52,0;30,7;75,1;420;3;2
53,0;30,7;75,1;411;3;2
48,0;30,7;75,7;317;3;1
54,0;30,7;75,7;310;3;2
53,0;30,7;75,8;310;3;2
56,0;30,7;75,6;323;3;2
51,0;30,8;75,5;343;3;2
48,0;30,7;75,2;391;3;1
58,0;30,7;75,2;408;3;2
58,0;30,8;75,3;418;3;2
54,0;30,8;75,4;425;3;2
62,0;30,8;75,5;488;3;0
55,0;30,8;75,5;564;3;2
55,0;30,8;75,6;554;3;2
53,0;30,8;75,7;501;3;2
50,0;30,8;75,7;459;3;1
58,0;30,8;75,9;488;3;2
56,0;30,8;76,0;474;3;2
60,0;30,8;75,8;345;3;0
54,0;30,8;75,6;310;3;2
58,0;30,8;75,5;187;3;2
52,0;30,9;75,5;166;3;2
62,0;30,9;75,4;122;3;0
63,0;30,9;75,7;138;3;0
58,0;30,9;75,6;200;3;2
53,0;30,9;75,5;224;3;2
54,0;30,9;75,2;436;3;2
55,0;30,9;75,3;314;3;2
61,0;30,9;75,5;259;3;0
55,0;30,8;75,6;266;3;2
50,0;30,9;75,4;215;3;1
56,0;30,8;75,1;207;3;2
61,0;30,8;74,8;207;3;0
52,0;31,8;74,3;194;3;2
62,0;29,7;74,4;176;3;0
54,0;30,7;74,5;169;3;2
56,0;30,7;74,8;186;3;2
56,0;30,7;74,8;210;3;2
52,0;30,7;74,8;253;3;2
59,0;30,7;74,9;300;3;2
57,0;30,7;75,0;381;3;2
49,0;30,7;75,1;562;3;1
56,0;30,7;75,1;620;3;2
55,0;30,7;75,1;538;3;2
54,0;30,7;75,2;531;3;2
53,0;30,7;75,3;578;3;2
53,0;30,7;75,4;679;3;2
54,0;30,7;75,4;552;3;2
55,0;30,7;75,2;589;3;2
52,0;30,7;75,1;617;3;2
51,0;30,7;74,8;613;3;2
52,0;30,7;74,7;568;3;2
52,0;30,7;75,0;480;3;2
59,0;30,7;75,0;430;3;2
53,0;30,8;75,2;434;3;2
57,0;30,8;75,2;383;3;2
55,0;30,8;75,0;332;3;2
57,0;30,8;74,3;300;3;2
53,0;30,7;74,1;283;3;2
52,0;30,7;74,1;299;3;2
53,0;30,7;74,1;324;3;2
57,0;30,7;74,2;309;3;2
58,0;29,6;74,4;299;3;2
56,0;30,6;74,5;305;3;2
51,0;30,6;74,7;321;3;2
0,0;30,6;74,9;265;3;1
68,0;30,6;74,9;305;3;0
60,0;30,7;74,8;310;3;0
61,0;30,7;74,5;322;3;0
65,0;30,7;74,4;330;3;0
64,0;30,6;74,6;408;3;0
65,0;30,6;74,7;414;3;0
63,0;30,7;74,7;404;3;0
64,0;30,7;74,8;380;3;0
62,0;30,7;74,8;349;3;0
62,0;30,7;74,9;447;3;0
58,0;30,7;75,0;376;3;2
62,0;30,8;75,1;370;3;0
57,0;30,8;75,1;414;3;2
58,0;30,8;75,2;439;3;2
59,0;30,9;75,3;481;3;2
59,0;30,9;75,3;522;3;2
60,0;30,9;75,3;479;3;0
59,0;30,9;75,2;444;3;2
58,0;30,9;75,0;417;3;2
59,0;30,9;75,0;410;3;2
58,0;31,0;75,0;340;3;2
56,0;31,0;74,5;352;3;2
60,0;31,0;74,4;406;3;0
58,0;31,0;74,3;433;3;2
56,0;31,0;74,0;442;3;2
57,0;31,0;73,9;477;3;2
56,0;31,0;73,9;502;3;2
53,0;31,0;74,0;551;3;2
53,0;31,0;74,0;468;3;2
55,0;31,0;74,0;511;3;2
55,0;31,0;74,0;409;3;2
55,0;31,1;74,1;367;3;2
55,0;31,0;74,0;338;3;2
56,0;31,1;74,0;356;3;2
55,0;31,0;74,2;381;3;2
56,0;31,1;74,4;352;3;2
59,0;31,1;73,7;298;3;2
55,0;31,1;73,6;275;3;2
57,0;31,1;73,6;279;3;2
55,0;31,1;73,7;337;3;2
55,0;31,1;73,9;387;3;2
60,0;31,1;73,9;315;3;0
56,0;31,1;74,1;304;3;2
56,0;31,1;74,3;301;3;2
55,0;31,1;74,3;314;3;2
54,0;31,1;74,3;318;3;2
53,0;31,1;74,3;334;3;2
54,0;31,1;74,3;365;3;2
55,0;31,1;74,1;382;3;2
54,0;31,1;74,0;400;3;2
53,0;31,1;74,0;407;3;2
53,0;31,1;73,9;421;3;2
55,0;31,1;74,1;430;3;2
56,0;31,1;74,3;429;3;2
59,0;31,1;74,6;427;3;2
52,0;31,1;74,6;476;3;2
51,0;31,1;74,5;460;3;2
55,0;31,1;74,2;455;3;2
58,0;31,1;74,2;389;3;2
51,0;31,1;74,3;376;3;2
52,0;31,1;74,4;460;3;2
58,0;31,1;74,5;399;3;2
56,0;31,1;74,5;410;3;2
54,0;31,1;74,3;413;3;2
55,0;31,1;73,9;409;3;2
55,0;31,1;73,1;399;3;2
57,0;31,0;73,1;337;3;2
54,0;31,0;73,4;324;3;2
55,0;30,9;73,5;325;3;2
60,0;30,9;73,9;348;3;0
50,0;30,9;74,1;370;3;1
59,0;30,8;74,3;350;3;2
56,0;30,8;74,4;313;3;2
58,0;30,8;74,4;311;3;2
54,0;30,7;74,4;316;3;2
57,0;30,7;74,3;340;3;2
52,0;30,7;74,5;413;3;2
58,0;30,7;74,7;335;3;2
54,0;30,7;74,7;344;3;2
57,0;30,6;74,7;352;3;2
57,0;30,6;74,8;348;3;2
57,0;30,6;74,8;356;3;2
55,0;30,6;75,0;380;3;2
54,0;30,6;75,1;422;3;2
55,0;30,7;75,2;454;3;2
50,0;30,7;75,3;444;3;1
58,0;30,7;75,3;427;3;2
51,0;30,7;75,5;415;3;2
55,0;30,7;75,8;434;3;2
54,0;30,7;75,9;400;3;2
58,0;30,7;75,4;287;3;2
55,0;30,7;75,4;260;3;2
54,0;30,7;75,3;227;3;2
59,0;30,7;75,1;207;3;2
57,0;30,7;75,1;198;3;2
56,0;30,7;75,1;190;3;2
50,0;30,8;75,1;232;3;1
56,0;30,8;75,9;51;3;2
52,0;30,8;75,4;355;3;2
52,0;30,8;75,4;321;3;2
57,0;30,8;75,4;286;3;2
57,0;30,8;75,6;320;3;2
58,0;30,8;75,6;370;3;2
56,0;30,8;75,7;489;3;2
52,0;30,8;75,6;620;3;2
53,0;30,8;75,3;675;3;2
52,0;30,8;75,3;715;3;2
56,0;30,8;75,3;662;3;2
55,0;30,8;75,3;693;3;2
57,0;30,8;75,3;856;3;2
55,0;30,8;75,5;861;3;2
54,0;30,8;75,9;841;3;2
57,0;30,8;75,5;829;3;2
58,0;30,7;75,6;771;3;2
58,0;30,7;75,9;685;3;2
56,0;30,7;75,9;670;3;2
54,0;30,7;75,7;650;3;2
56,0;30,7;75,5;706;3;2
58,0;30,7;75,5;768;3;2
58,0;30,7;75,4;777;3;2
57,0;30,7;75,3;721;3;2
54,0;30,7;75,5;668;3;2
57,0;30,7;75,4;608;3;2
55,0;30,7;75,4;588;3;2
51,0;30,7;75,6;565;3;2
54,0;30,7;75,5;666;3;2
54,0;30,7;75,6;799;3;2
50,0;30,7;75,6;778;3;1
53,0;30,6;75,4;766;3;2
57,0;30,6;75,4;750;3;2
54,0;30,6;75,5;749;3;2
54,0;30,6;75,9;745;3;2
51,0;30,6;76,1;777;3;2
53,0;30,6;76,2;809;3;2
58,0;30,6;76,0;929;3;2
60,0;30,6;75,6;987;3;0
56,0;30,6;75,6;1011;3;2
55,0;30,7;75,7;1060;3;2
54,0;30,6;75,7;1007;3;2
51,0;30,7;75,7;972;3;2
54,0;30,7;75,8;934;3;2
58,0;30,7;75,9;1072;3;2
54,0;30,7;76,1;1095;3;2
54,0;30,8;76,1;1063;3;2
54,0;30,8;76,1;1066;3;2
58,0;30,8;76,1;1163;3;2
55,0;30,8;76,2;1109;3;2
54,0;30,8;76,0;856;3;2
57,0;30,9;76,0;894;3;2
54,0;30,9;75,9;765;3;2
54,0;30,9;76,0;833;3;2
52,0;31,0;76,5;745;3;2
58,0;31,0;76,5;708;3;2
52,0;31,0;76,0;859;3;2
58,0;31,0;75,8;1049;3;2
56,0;31,0;75,8;984;3;2
55,0;31,0;75,8;953;3;2
56,0;31,1;75,7;1059;3;2
54,0;31,1;75,7;1034;3;2
55,0;31,1;75,7;932;3;2
55,0;31,1;75,5;874;3;2
52,0;31,1;75,4;709;3;2
56,0;31,1;75,2;844;3;2
58,0;31,1;75,3;826;3;2
57,0;31,1;75,0;811;3;2
55,0;31,2;74,7;774;3;2
58,0;31,1;74,9;658;3;2
65,0;31,1;75,3;745;3;0
56,0;31,1;74,8;498;3;2
56,0;31,1;74,6;465;3;2
59,0;31,1;74,3;478;3;2
52,0;31,1;73,9;597;3;2
56,0;31,1;73,3;766;3;2
50,0;31,1;73,1;725;3;1
56,0;31,0;73,4;680;3;2
57,0;31,0;73,3;589;3;2
52,0;30,9;73,4;546;3;2
59,0;30,9;73,5;500;3;2
53,0;30,9;73,6;470;3;2
51,0;30,9;73,6;464;3;2
53,0;30,9;73,8;603;3;2
58,0;30,9;73,8;463;3;2
54,0;31,0;74,0;507;3;2
54,0;31,0;74,1;562;3;2
0,0;35,4;58,2;4905;4;1
0,0;31,0;60,8;862;4;1
107,0;31,0;61,2;565;4;0
97,0;31,0;61,2;459;4;0
96,0;31,0;60,6;543;4;0
95,0;31,0;60,6;530;4;0
79,0;31,0;60,4;517;4;1
87,0;31,0;60,5;843;4;2
72,0;31,0;60,6;832;4;1
89,0;31,0;60,5;814;4;2
90,0;31,0;60,6;787;4;2
87,0;31,0;60,6;774;4;2
78,0;31,0;60,7;734;4;1
92,0;31,0;60,4;606;4;2
94,0;31,0;60,4;582;4;2
91,0;31,1;60,9;542;4;2
87,0;31,1;61,6;527;4;2
83,0;31,1;61,3;461;4;2
77,0;31,1;60,9;530;4;1
91,0;31,1;60,7;484;4;2
96,0;31,0;61,1;453;4;0
89,0;31,1;61,1;556;4;2
86,0;31,1;60,8;514;4;2
82,0;31,1;60,6;2488;4;2
87,0;31,0;60,2;4805;4;2
93,0;31,0;60,1;3239;4;2
91,0;30,9;60,3;3184;4;2
88,0;30,9;60,7;3367;4;2
85,0;30,9;61,4;3230;4;2
80,0;30,9;61,7;3708;4;1
89,0;30,9;60,5;3802;4;2
95,0;30,9;60,4;3843;4;0
90,0;30,8;60,6;3977;4;2
87,0;30,9;61,0;414;4;2
83,0;30,9;61,1;412;4;2
78,0;30,9;60,7;325;4;1
91,0;30,9;60,5;394;4;2
96,0;30,9;60,5;344;4;0
89,0;30,8;60,4;350;4;2
85,0;30,8;60,5;340;4;2
81,0;30,8;60,9;338;4;2
85,0;30,8;60,9;330;4;2
92,0;30,8;61,0;322;4;2
91,0;30,8;61,1;315;4;2
88,0;30,8;60,9;309;4;2
84,0;30,7;60,6;285;4;2
80,0;30,7;60,8;280;4;1
88,0;30,7;61,0;275;4;2
95,0;30,7;62,2;290;4;0
90,0;30,7;63,0;276;4;2
87,0;30,7;63,5;272;4;2
83,0;30,7;63,8;266;4;2
78,0;30,7;63,2;290;4;1
90,0;30,7;63,0;285;4;2
96,0;30,7;62,6;279;4;0
89,0;30,7;63,3;275;4;2
85,0;30,7;63,2;278;4;2
82,0;30,7;62,4;273;4;2
86,0;30,7;62,1;267;4;2
93,0;30,7;62,0;265;4;2
91,0;30,6;62,8;260;4;2
88,0;30,7;64,0;255;4;2
84,0;30,6;63,6;250;4;2
80,0;30,6;63,0;245;4;1
89,0;30,6;62,6;240;4;2
94,0;30,6;63,0;228;4;2
90,0;30,6;62,5;199;4;2
87,0;30,6;62,7;193;4;2
83,0;30,6;63,8;204;4;2
78,0;30,6;63,1;203;4;1
91,0;30,6;62,6;201;4;2
95,0;30,6;62,4;198;4;0
91,0;30,5;62,5;194;4;2
89,0;30,6;63,6;190;4;2
85,0;30,6;64,4;185;4;2
83,0;30,6;64,8;183;4;2
86,0;30,5;65,3;180;4;2
93,0;30,5;64,4;176;4;2
91,0;30,5;64,2;171;4;2
89,0;30,5;65,1;170;4;2
85,0;30,5;66,1;165;4;2
82,0;30,5;66,0;162;4;2
86,0;30,5;66,4;158;4;2
94,0;30,5;67,2;155;4;2
92,0;30,5;66,2;151;4;2
88,0;30,4;64,8;153;4;2
85,0;30,4;65,9;150;4;2
81,0;30,4;67,0;146;4;2
89,0;30,4;67,4;143;4;2
95,0;30,4;68,0;140;4;0
90,0;30,4;68,1;136;4;2
88,0;30,3;66,4;133;4;2
83,0;30,3;65,7;130;4;2
79,0;30,3;65,2;126;4;1
92,0;30,2;65,7;122;4;2
90,0;30,2;65,8;118;4;2
87,0;30,2;67,8;114;4;2
84,0;30,2;68,9;111;4;2
79,0;30,2;68,5;104;4;1
91,0;30,1;66,7;85;4;2
96,0;30,1;66,0;83;4;0
89,0;30,1;64,5;80;4;2
85,0;30,1;64,7;83;4;2
83,0;30,1;65,1;73;4;2
86,0;30,1;66,5;71;4;2
93,0;30,0;67,7;68;4;2
91,0;30,0;68,8;65;4;2
87,0;30,0;68,9;62;4;2
85,0;30,0;68,1;59;4;2
80,0;30,0;68,0;58;4;1
88,0;30,0;68,0;59;4;2
94,0;30,0;66,5;57;4;2
89,0;29,9;66,0;54;4;2
86,0;29,9;66,1;51;4;2
83,0;29,9;66,8;49;4;2
87,0;29,9;65,9;46;4;2
94,0;29,9;65,9;44;4;2
91,0;29,9;66,6;42;4;2
88,0;29,9;68,1;40;4;2
84,0;29,9;67,5;38;4;2
80,0;29,9;66,8;35;4;1
89,0;29,9;67,3;34;4;2
94,0;29,9;68,7;35;4;2
89,0;29,9;69,1;34;4;2
86,0;29,9;68,7;32;4;2
83,0;29,9;67,5;30;4;2
77,0;29,9;66,6;29;4;1
90,0;29,9;66,7;27;4;2
97,0;29,9;67,8;26;4;0
88,0;29,9;69,3;24;4;2
85,0;29,9;67,7;24;4;2
80,0;29,9;66,7;22;4;1
88,0;29,8;66,7;21;4;2
94,0;29,8;67,9;20;4;2
89,0;29,8;68,4;20;4;2
85,0;29,8;67,1;18;4;2
82,0;29,8;66,6;18;4;2
86,0;29,8;66,4;17;4;2
93,0;29,8;66,4;17;4;2
91,0;29,8;65,9;16;4;2
88,0;29,8;67,6;15;4;2
84,0;29,9;69,0;14;4;2
79,0;29,9;69,0;14;4;1
91,0;29,8;69,2;352;4;2
97,0;29,8;69,6;348;4;0
89,0;29,8;69,2;356;4;2
85,0;29,8;67,3;380;4;2
81,0;29,8;66,9;422;4;2
86,0;29,8;67,7;454;4;2
93,0;29,8;68,9;444;4;2
90,0;29,8;69,5;427;4;2
87,0;29,8;69,1;415;4;2
83,0;29,8;68,4;434;4;2
78,0;29,8;68,7;400;4;1
91,0;29,8;68,1;287;4;2
97,0;29,8;68,1;260;4;0
88,0;29,8;67,4;227;4;2
85,0;29,8;66,4;207;4;2
81,0;29,8;66,3;198;4;2
86,0;29,8;67,5;190;4;2
93,0;29,8;67,3;232;4;2
90,0;29,7;66,6;51;4;2
87,0;29,8;66,4;355;4;2
84,0;29,8;66,4;321;4;2
79,0;29,8;66,6;286;4;1
92,0;29,8;66,8;320;4;2
90,0;29,8;67,0;370;4;2
86,0;29,8;66,8;489;4;2
82,0;29,8;66,1;620;4;2
86,0;29,8;66,3;675;4;2
94,0;29,8;66,6;715;4;2
91,0;29,8;66,8;662;4;2
87,0;29,8;67,0;693;4;2
84,0;29,8;66,8;856;4;2
79,0;29,9;67,3;861;4;1
91,0;29,8;68,2;841;4;2
97,0;29,8;69,1;829;4;0
88,0;29,9;69,7;771;4;2
85,0;29,9;69,9;685;4;2
80,0;29,8;68,4;670;4;1
89,0;29,8;67,7;650;4;2
95,0;29,8;67,3;706;4;0
89,0;29,8;67,9;768;4;2
86,0;29,9;69,0;777;4;2
82,0;29,9;68,9;721;4;2
86,0;29,9;69,0;668;4;2
93,0;29,8;69,3;608;4;2
91,0;29,8;69,9;588;4;2
87,0;29,8;69,5;565;4;2
84,0;29,8;70,3;666;4;2
79,0;29,8;70,5;799;4;1
92,0;29,7;70,3;778;4;2
89,0;29,7;70,1;766;4;2
86,0;29,7;69,5;750;4;2
82,0;29,7;70,5;749;4;2
86,0;29,7;70,6;745;4;2
93,0;29,7;70,8;777;4;2
90,0;29,7;71,0;809;4;2
87,0;29,7;71,3;929;4;2
83,0;29,7;71,6;987;4;2
79,0;29,6;71,9;1011;4;1
92,0;29,6;72,1;1060;4;2
89,0;29,6;71,9;1007;4;2
85,0;29,6;71,6;972;4;2
81,0;29,5;71,2;934;4;2
89,0;29,5;71,0;1072;4;2
96,0;29,5;71,4;1095;4;0
87,0;29,5;70,6;1063;4;2
83,0;29,5;69,6;1066;4;2
78,0;29,4;68,5;1163;4;1
91,0;29,4;68,6;1109;4;2
97,0;29,4;70,7;856;4;0
83,0;29,4;71,3;894;4;2
75,0;29,4;71,5;765;4;1
56,0;29,4;71,7;833;4;1
0,0;29,4;71,8;745;4;1
0,0;29,4;72,3;708;4;1
0,0;29,4;72,4;859;4;1
0,0;29,4;73,0;1049;4;1
73,0;29,4;73,0;984;4;1
89,0;29,4;73,2;953;4;2
95,0;29,4;73,4;1059;4;0
90,0;29,4;73,8;1034;4;2
87,0;29,4;73,4;932;4;2
81,0;29,4;73,1;874;4;2
85,0;29,4;73,2;709;4;2
94,0;29,3;74,6;844;4;2
88,0;29,2;74,2;826;4;2
84,0;29,2;74,6;811;4;2
77,0;29,1;74,9;774;4;1
93,0;29,1;75,1;658;4;2
98,0;29,0;75,1;745;4;0
87,0;28,9;75,6;498;4;2
83,0;28,8;75,8;465;4;2
77,0;28,8;75,2;478;4;1
92,0;28,8;75,5;597;4;2
92,0;28,7;76,3;766;4;2
85,0;28,8;76,5;725;4;2
79,0;28,8;76,2;680;4;1
93,0;28,9;76,5;589;4;2
91,0;28,8;76,5;546;4;2
86,0;28,8;77,0;500;4;2
81,0;28,8;76,9;470;4;2
90,0;28,8;75,9;464;4;2
95,0;28,9;76,0;603;4;0
89,0;28,9;75,9;463;4;2
85,0;28,9;76,0;507;4;2
80,0;28,9;76,1;562;4;1
91,0;28,9;75,5;4905;4;2
96,0;29,0;74,6;862;4;0
87,0;29,0;72,8;565;4;2
82,0;29,1;74,8;459;4;2
92,0;29,1;74,4;543;4;2
96,0;29,0;74,4;530;4;0
88,0;29,0;73,4;517;4;2
82,0;29,0;71,6;843;4;2
92,0;29,1;72,5;832;4;2
93,0;29,1;73,4;814;4;2
85,0;29,1;74,6;787;4;2
81,0;29,1;74,0;774;4;2
91,0;28,9;75,2;734;4;2
90,0;28,8;75,4;606;4;2
86,0;28,7;75,5;582;4;2
78,0;28,8;75,9;542;4;1
94,0;28,8;75,9;527;4;2
90,0;28,8;77,1;461;4;2
85,0;28,8;76,7;530;4;2
79,0;28,8;76,6;484;4;1
94,0;28,7;75,8;453;4;2
92,0;28,7;76,3;556;4;2
85,0;28,6;77,4;514;4;2
80,0;28,6;77,5;2488;4;1
85,0;28,6;77,6;4805;4;2
95,0;28,6;77,2;3239;5;0
44,0;30,6;70,2;3184;5;1
44,0;30,6;70,7;3367;5;1
44,0;30,6;70,5;3230;5;1
44,0;30,6;70,3;3708;5;1
44,0;30,7;70,6;3802;5;1
44,0;30,7;71,1;3843;5;1
44,0;30,7;71,1;3977;5;1
44,0;30,7;71,4;414;5;1
43,0;30,7;70,2;412;5;1
44,0;30,7;70,2;325;5;1
44,0;30,6;70,0;394;5;1
44,0;30,6;70,1;344;5;1
79,0;30,5;69,9;350;5;2
73,0;30,5;70,0;340;5;2
67,0;30,5;70,0;338;5;2
61,0;30,5;70,0;330;5;2
79,0;30,5;69,3;322;5;2
76,0;30,4;69,3;315;5;2
70,0;30,4;69,5;309;5;2
65,0;30,4;69,5;285;5;2
67,0;30,4;69,8;280;5;2
79,0;30,4;68,6;275;5;2
74,0;30,3;68,7;290;5;2
68,0;30,3;68,6;276;5;2
62,0;30,3;68,5;272;5;2
72,0;30,3;68,9;266;5;2
43,0;30,3;69,0;290;5;1
84,0;30,2;69,4;285;5;0
79,0;30,2;70,0;279;5;2
74,0;30,3;69,0;275;5;2
68,0;30,2;68,4;278;5;2
61,0;30,1;68,7;273;5;2
77,0;30,1;69,0;267;5;2
77,0;30,1;69,2;265;5;2
72,0;30,1;69,6;260;5;2
51,0;30,6;69,5;255;5;1
77,0;30,8;68,9;250;5;2
76,0;30,9;68,1;245;5;2
72,0;31,0;67,5;240;5;2
64,0;31,0;66,3;228;5;2
74,0;31,0;65,3;2935;5;2
76,0;31,0;65,3;2905;5;2
67,0;31,0;65,6;2870;5;2
65,0;31,1;65,8;2850;5;2
78,0;31,1;65,5;2793;5;2
78,0;31,1;65,1;2786;5;2
73,0;31,0;64,5;1835;5;2
67,0;31,0;64,4;2756;5;2
63,0;30,9;64,6;2754;5;2
78,0;30,9;64,9;2757;5;2
76,0;30,9;65,2;2753;5;2
70,0;30,9;65,4;2754;5;2
64,0;30,9;65,6;2759;5;2
63,0;30,9;65,6;2771;5;2
76,0;31,0;65,6;2785;5;2
70,0;31,0;65,6;2794;5;2
63,0;31,1;65,8;2805;5;2
69,0;31,1;65,8;2816;5;2
79,0;31,1;65,9;2835;5;2
71,0;31,2;65,9;2839;5;2
66,0;31,2;65,1;2849;5;2
62,0;31,2;65,0;2846;5;2
77,0;31,2;64,9;2863;5;2
74,0;31,2;65,1;2870;5;2
70,0;31,2;65,0;2881;5;2
62,0;31,2;65,1;2822;5;2
78,0;31,2;65,5;2878;5;2
77,0;31,2;65,8;2871;5;2
70,0;31,2;65,9;2853;5;2
63,0;31,3;65,7;2835;5;2
71,0;31,3;65,7;2830;5;2
77,0;31,3;65,9;2832;5;2
71,0;31,3;66,5;2835;5;2
65,0;31,3;66,9;2829;5;2
58,0;31,3;67,0;2805;5;1
78,0;31,3;66,6;2814;5;2
77,0;31,4;66,2;2763;5;2
72,0;31,4;66,3;2715;5;2
65,0;31,4;66,3;2675;5;2
66,0;31,4;66,3;2645;5;2
80,0;31,5;66,5;2620;5;1
77,0;31,5;66,8;2599;5;2
71,0;31,5;67,0;2582;5;2
63,0;31,5;66,8;2575;5;2
73,0;31,5;66,3;2575;5;2
78,0;31,5;66,1;2578;5;2
72,0;31,5;65,9;2581;5;2
65,0;31,5;66,1;2583;5;2
66,0;31,5;66,0;2580;5;2
79,0;31,5;66,1;2581;5;2
76,0;31,5;66,4;2581;5;2
68,0;31,5;66,5;2577;5;2
62,0;31,6;66,0;2580;5;2
73,0;31,6;66,0;2580;5;2
77,0;31,5;65,7;2577;5;2
72,0;31,5;65,6;2553;5;2
65,0;31,5;65,2;2570;5;2
65,0;31,4;65,2;2576;5;2
81,0;31,4;65,5;2581;5;0
73,0;31,3;65,9;2587;5;2
66,0;31,3;66,2;2590;5;2
58,0;31,3;66,4;2593;5;1
79,0;31,3;66,4;2595;5;2
73,0;31,3;66,9;2588;5;2
65,0;31,3;65,4;2591;5;2
72,0;31,2;65,2;2583;5;2
82,0;31,2;65,6;2590;5;0
74,0;31,2;66,0;2590;5;2
69,0;31,2;65,6;2596;5;2
63,0;31,1;65,5;2602;5;2
70,0;31,2;65,9;2608;5;2
76,0;31,2;65,9;2618;5;2
71,0;31,2;66,1;2626;5;2
63,0;31,2;66,4;2639;5;2
70,0;31,2;66,6;2659;5;2
81,0;31,2;66,2;2664;5;0
75,0;31,2;65,7;2671;5;2
68,0;31,2;65,1;2680;5;2
57,0;31,2;65,0;2705;5;1
77,0;31,1;64,7;2712;5;2
79,0;31,1;64,5;2718;5;2
74,0;31,1;64,2;2742;5;2
68,0;31,1;64,4;2749;5;2
61,0;31,1;64,6;2763;5;2
69,0;31,2;65,1;2778;5;2
81,0;31,2;65,5;2790;5;0
73,0;31,2;65,5;2798;5;2
66,0;31,3;64,5;2805;5;2
58,0;31,3;64,0;2815;5;1
79,0;31,3;64,3;2827;5;2
73,0;31,3;64,0;2836;5;2
65,0;31,3;63,1;2855;5;2
68,0;31,3;63,2;2858;5;2
81,0;31,3;63,7;2865;5;0
75,0;31,3;64,1;2856;5;2
69,0;31,3;63,3;2857;5;2
60,0;31,3;62,7;2865;5;1
77,0;31,3;62,9;2870;5;2
77,0;31,3;63,3;2885;5;2
70,0;31,3;63,8;2897;5;2
62,0;31,4;63,9;2909;5;2
65,0;31,4;63,8;2895;5;2
79,0;31,5;64,2;2913;5;2
75,0;31,5;63,5;2954;5;2
69,0;31,5;63,4;2971;5;2
62,0;31,5;63,4;2992;5;2
73,0;31,6;63,6;3011;5;2
78,0;31,6;63,8;3035;5;2
74,0;31,6;63,9;3068;5;2
67,0;31,6;64,1;3104;5;2
65,0;31,7;64,1;3130;5;2
79,0;31,7;63,9;3164;5;2
74,0;31,7;64,1;3184;5;2
68,0;31,8;64,5;3196;5;2
58,0;31,8;64,7;3206;5;1
79,0;31,8;64,7;3218;5;2
75,0;31,8;64,4;3227;5;2
70,0;31,8;63,8;3257;5;2
62,0;31,8;62,7;3241;5;2
77,0;31,7;61,9;3239;5;2
74,0;31,7;62,2;3259;5;2
67,0;31,6;62,6;3263;5;2
63,0;31,6;62,9;3276;5;2
79,0;31,6;62,9;3286;5;2
78,0;31,6;62,6;3299;5;2
73,0;31,7;62,6;3324;5;2
65,0;31,7;62,7;3333;5;2
74,0;31,7;62,7;3376;5;2
77,0;31,7;62,7;3394;5;2
67,0;31,7;62,2;3421;5;2
61,0;31,6;61,8;3458;5;2
68,0;31,6;61,8;3505;5;2
78,0;31,6;61,9;3548;5;2
77,0;31,6;62,1;3589;5;2
71,0;31,6;62,6;3637;5;2
61,0;31,6;63,1;3683;5;2
74,0;31,7;63,0;3730;5;2
79,0;31,7;63,4;3778;5;2
72,0;31,8;63,0;3835;5;2
64,0;31,9;62,5;3864;5;2
56,0;31,9;62,2;3949;5;1
76,0;31,9;62,1;4024;5;2
78,0;32,0;62,3;4130;5;2
68,0;32,1;62,5;4269;5;2
61,0;32,1;62,7;4323;5;2
77,0;32,2;62,6;4411;5;2
75,0;32,3;62,1;4542;5;2
68,0;32,4;62,2;4620;5;2
63,0;32,4;62,3;4735;5;2
69,0;32,5;62,3;4849;5;2
81,0;32,6;61,3;4955;5;0
72,0;32,6;61,0;5074;5;2
63,0;32,7;60,6;5185;5;2
71,0;32,8;60,4;5300;5;2
79,0;32,8;60,2;5370;5;2
71,0;33,0;59,9;5440;5;2
67,0;33,0;60,3;5599;5;2
61,0;33,1;60,4;5840;5;2
78,0;33,2;60,4;6283;5;2
76,0;33,3;60,5;6250;5;2
67,0;33,4;60,3;6343;5;2
59,0;33,5;60,2;6570;5;1
79,0;33,6;59,6;6724;5;2
74,0;33,7;58,9;6854;5;2
68,0;33,7;58,1;6949;5;2
60,0;33,7;57,9;7053;5;1
80,0;33,7;57,9;6974;5;0
75,0;33,8;59,2;7704;5;2
67,0;33,8;59,1;7864;5;2
56,0;33,8;58,5;8199;5;1
78,0;33,9;57,3;8179;5;2
71,0;33,9;57,3;7465;5;2
66,0;34,0;58,0;7534;5;2
77,0;34,0;58,2;7426;5;2
77,0;34,1;57,8;7299;5;2
72,0;34,1;57,8;7132;5;2
63,0;34,1;58,0;7489;5;2
73,0;34,2;58,3;7692;5;2
83,0;34,2;58,3;7204;5;0
76,0;34,3;58,4;7415;5;2
67,0;34,3;58,2;7482;5;2
65,0;34,4;58,0;7340;5;2
81,0;34,5;58,0;7298;5;0
71,0;34,5;57,7;7307;5;2
60,0;34,6;57,5;7385;5;1
72,0;34,6;56,9;7359;5;2
77,0;34,7;57,0;7206;5;2
70,0;34,7;57,2;7564;5;2
61,0;34,7;57,0;7372;5;2
72,0;34,7;57,1;7382;5;2
75,0;34,7;57,2;7079;5;2
65,0;34,7;56,8;6991;5;2
54,0;34,7;55,8;7037;5;1
77,0;34,7;54,9;6931;5;2
73,0;34,7;54,9;7359;5;2
67,0;34,7;54,9;7556;5;2
60,0;34,7;55,1;7879;5;1
79,0;34,7;55,4;7699;5;2
79,0;34,7;56,0;7566;5;2
72,0;34,8;55,5;7729;5;2
58,0;34,7;55,2;7807;5;1
78,0;34,8;55,3;7394;5;2
79,0;34,7;54,3;7789;5;2
67,0;34,7;55,0;8661;5;2
61,0;34,7;56,1;8381;5;2
77,0;34,7;56,6;7964;5;2
74,0;34,7;56,8;7301;5;2
66,0;34,7;55,6;7036;5;2
55,0;34,7;55,2;6579;5;1
76,0;34,7;56,0;7019;5;2
79,0;34,7;56,0;6894;5;2
71,0;34,7;56,1;6478;5;2
61,0;34,7;56,5;6789;5;2
76,0;34,7;56,8;6285;5;2
81,0;34,7;56,4;6881;5;0
73,0;34,7;56,5;6839;5;2
65,0;34,8;56,4;6922;5;2
62,0;34,8;56,3;6800;5;2
78,0;34,7;55,6;6437;5;2
74,0;34,7;56,6;6894;5;2
62,0;34,7;56,3;6426;5;2
70,0;34,7;56,3;6832;5;2
77,0;34,7;56,6;6609;5;2
68,0;34,8;56,7;6390;5;2
61,0;34,8;56,3;6329;5;2
77,0;34,8;54,3;6125;5;2
77,0;34,8;53,9;6235;5;2
69,0;34,7;54,1;6107;5;2
58,0;34,7;54,3;5939;5;1
76,0;34,7;55,0;5882;5;2
78,0;34,7;55,0;5882;5;2
68,0;34,7;55,3;5875;5;2
57,0;34,7;55,8;5927;5;1
82,0;34,7;56,2;6135;5;0
73,0;34,7;55,3;5680;5;2
64,0;34,6;56,2;5875;5;2
65,0;34,6;56,8;5778;5;2
77,0;34,6;56,5;5843;5;2
68,0;34,5;55,7;5771;5;2
61,0;34,5;56,3;6180;5;2
78,0;34,5;56,8;6025;5;2
75,0;34,5;57,0;5709;5;2
66,0;34,5;55,7;5442;5;2
67,0;34,5;54,3;5568;5;2
72,0;34,4;56,3;5614;5;2
61,0;34,4;54,2;5186;5;2
77,0;34,4;53,5;5181;5;2
79,0;34,3;53,7;5254;5;2
69,0;34,3;54,4;5287;5;2
61,0;34,3;55,0;5324;5;2
77,0;34,3;56,5;5119;5;2
78,0;34,3;56,0;5147;5;2
70,0;34,3;55,6;5090;5;2
59,0;34,4;56,1;5047;5;1
79,0;34,4;56,9;5061;5;2
73,0;34,4;57,2;5155;5;2
63,0;34,4;57,2;5065;5;2
68,0;34,4;57,4;5267;5;2
83,0;34,4;57,2;5125;5;0
73,0;34,4;56,7;5137;5;2
59,0;34,4;56,7;5183;5;1
81,0;34,4;56,9;5146;5;0
72,0;34,4;55,4;5345;5;2
57,0;34,3;55,7;3360;5;1
80,0;34,3;55,7;5726;5;0
73,0;34,3;56,2;5546;5;2
63,0;34,3;56,6;5315;5;2
73,0;34,3;56,6;5030;5;2
79,0;34,3;56,8;4850;5;2
71,0;34,2;56,9;4692;5;2
60,0;34,2;57,1;4708;5;2
77,0;34,2;57,1;4658;5;2
74,0;34,2;57,3;4487;5;2
64,0;34,2;57,5;4410;5;2
70,0;34,1;57,8;4366;5;2
85,0;34,1;57,7;4583;5;0
0,0;30,1;74,1;0;5;1
0,0;30,3;73,5;452;5;1
0,0;30,4;73,1;468;5;1
0,0;30,6;72,7;434;5;1
0,0;30,6;72,5;343;5;1
0,0;30,7;72,4;489;5;1
0,0;30,8;72,5;497;5;1
0,0;30,8;72,1;362;5;1
0,0;30,8;71,7;370;5;1
42,0;30,9;71,9;412;5;1
44,0;30,9;71,9;306;5;1
59,0;30,9;71,8;447;5;1
72,0;31,0;71,8;468;5;1
80,0;31,0;71,2;454;5;0
79,0;31,1;71,4;426;5;2
77,0;31,1;71,6;424;5;2
75,0;31,1;71,6;453;5;2
72,0;31,1;71,6;442;5;2
69,0;31,2;71,8;418;5;2
66,0;31,2;71,4;423;5;2
62,0;31,3;71,2;403;5;2
62,0;31,3;71,0;398;5;2
77,0;31,3;71,0;436;5;2
78,0;31,3;70,8;429;5;2
76,0;31,3;70,6;428;5;2
73,0;31,4;70,7;422;5;2
70,0;31,4;70,8;427;5;2
67,0;31,4;70,9;410;5;2
63,0;31,4;70,9;430;5;2
63,0;31,4;70,6;412;5;2
78,0;31,4;70,6;407;5;2
77,0;31,4;70,7;358;5;2
74,0;31,4;70,6;361;5;2
71,0;31,4;70,5;371;5;2
68,0;31,4;70,5;398;5;2
65,0;31,5;70,3;390;5;2
60,0;31,5;69,7;402;5;1
74,0;31,4;69,7;408;5;2
78,0;31,4;69,9;394;5;2
76,0;31,4;70,1;388;5;2
73,0;31,4;70,2;386;5;2
70,0;31,4;70,5;386;5;2
66,0;31,4;70,3;375;5;2
62,0;31,3;70,4;371;5;2
62,0;31,3;70,6;370;5;2
78,0;31,3;70,6;377;5;2
78,0;31,3;70,6;379;5;2
77,0;31,3;70,5;382;5;2
74,0;31,3;71,1;370;5;2
71,0;31,3;71,2;374;5;2
67,0;31,3;71,1;370;5;2
63,0;31,3;70,9;375;5;2
61,0;31,3;70,7;370;5;2
73,0;31,3;70,5;362;5;2
78,0;31,3;70,7;361;5;2
75,0;31,3;70,8;361;5;2
73,0;31,3;70,7;363;5;2
69,0;31,2;70,7;362;5;2
65,0;31,2;70,8;363;5;2
61,0;31,2;71,0;371;5;2
49,0;31,0;73,5;766;5;1
54,0;31,0;73,5;878;5;1
63,0;31,0;73,4;913;5;2
65,0;31,0;73,2;894;5;2
71,0;31,0;73,2;1063;5;2
73,0;31,0;73,4;945;5;2
70,0;31,0;73,3;954;5;2
72,0;31,0;73,2;974;5;2
74,0;31,0;73,3;1011;5;2
73,0;31,0;73,1;1044;5;2
78,0;31,0;73,3;982;5;2
78,0;31,0;73,4;913;5;2
68,0;31,0;73,3;882;5;2
66,0;31,1;73,3;710;5;2
65,0;31,1;73,3;615;5;2
64,0;31,1;73,2;645;5;2
64,0;31,1;73,2;709;5;2
64,0;31,1;73,2;839;5;2
68,0;31,1;72,8;970;5;2
74,0;31,1;72,9;804;5;2
75,0;31,1;73,0;802;5;2
75,0;31,1;73,2;820;5;2
78,0;31,1;73,2;1044;5;2
64,0;31,1;73,3;1039;5;2
65,0;31,1;72,9;1058;5;2
65,0;31,1;72,4;961;5;2
64,0;31,0;72,3;949;5;2
64,0;31,0;72,6;938;5;2
64,0;31,0;73,2;954;5;2
63,0;31,0;73,2;946;5;2
63,0;31,0;73,1;884;5;2
69,0;31,0;73,3;842;5;2
73,0;31,0;73,3;796;5;2
78,0;31,1;73,1;773;5;2
77,0;31,1;73,2;818;5;2
74,0;31,1;73,3;834;5;2
77,0;31,1;73,4;742;5;2
77,0;31,1;73,3;825;5;2
75,0;31,2;73,6;895;5;2
75,0;31,2;73,7;903;5;2
73,0;31,2;73,6;819;5;2
76,0;31,2;73,4;830;5;2
78,0;31,3;73,4;824;5;2
77,0;31,3;73,3;804;5;2
75,0;31,3;73,4;842;5;2
78,0;31,3;73,4;990;5;2
74,0;31,3;73,4;1018;5;2
74,0;31,4;73,3;1050;5;2
76,0;31,4;73,4;1105;5;2
71,0;31,4;73,4;1170;5;2
76,0;31,4;73,3;1045;5;2
75,0;31,4;73,3;964;5;2
77,0;31,4;72,7;829;5;2
75,0;31,4;72,8;706;5;2
77,0;31,4;73,0;591;5;2
75,0;31,4;73,2;755;5;2
76,0;31,4;73,2;582;5;2
75,0;31,4;73,0;597;5;2
75,0;31,4;72,8;819;5;2
78,0;31,4;73,0;845;5;2
77,0;31,4;73,1;865;5;2
74,0;31,4;73,2;696;5;2
75,0;31,4;73,2;755;5;2
75,0;31,4;73,2;815;5;2
76,0;31,4;73,3;807;5;2
76,0;31,4;73,3;786;5;2
71,0;31,4;73,4;765;5;2
75,0;31,3;73,5;808;5;2
76,0;31,3;73,6;862;5;2
77,0;31,3;73,7;777;5;2
72,0;31,4;73,8;944;5;2
76,0;31,4;73,8;859;5;2
71,0;31,3;73,9;839;5;2
73,0;31,4;74,0;804;5;2
72,0;31,4;74,1;720;5;2
77,0;31,4;74,2;770;5;2
76,0;31,4;74,2;719;5;2
73,0;31,4;74,7;680;5;2
74,0;31,4;74,9;694;5;2
76,0;31,4;75,0;702;5;2
73,0;31,5;75,2;764;5;2
73,0;31,5;75,2;681;5;2
75,0;31,5;75,0;720;5;2
71,0;31,5;74,9;744;5;2
72,0;31,5;74,5;755;5;2
71,0;31,5;73,9;850;5;2
75,0;31,5;74,0;1116;5;2
73,0;31,5;73,8;1035;5;2
76,0;31,5;74,3;968;5;2
72,0;31,5;74,6;1020;5;2
78,0;nan;nan;1008;5;2
71,0;31,4;74,6;971;5;2
75,0;31,4;74,5;1152;5;2
75,0;31,5;74,4;897;5;2
76,0;31,4;73,9;938;5;2
75,0;31,5;73,8;1041;5;2
75,0;31,5;73,8;859;5;2
75,0;31,5;73,9;65535;5;2
75,0;31,5;73,8;902;5;2
79,0;31,5;73,8;945;5;2
78,0;31,5;73,9;929;5;2
75,0;31,4;73,7;910;5;2
72,0;31,4;73,8;849;5;2
73,0;31,5;73,8;65535;5;2
75,0;31,5;73,9;809;5;2
76,0;31,4;73,6;828;5;2
77,0;31,4;73,5;828;5;2
74,0;31,4;73,5;761;5;2
72,0;31,4;73,6;779;5;2
75,0;31,4;73,6;817;5;2
78,0;31,4;73,6;846;5;2
74,0;31,4;73,7;839;5;2
75,0;31,4;73,8;847;5;2
74,0;31,4;73,9;802;5;2
71,0;31,3;74,5;651;5;2
76,0;31,3;74,6;559;5;2
75,0;31,3;74,6;564;5;2
73,0;31,3;74,6;622;5;2
78,0;31,4;74,7;730;5;2
72,0;31,4;74,4;845;5;2
73,0;31,3;74,4;935;5;2
77,0;31,4;74,5;965;5;2
77,0;31,4;74,6;944;5;2
76,0;31,4;74,5;1036;5;2
76,0;31,4;74,2;846;5;2
75,0;31,5;74,3;1101;5;2
76,0;31,4;73,8;1108;5;2
75,0;31,4;73,8;1102;5;2
78,0;31,4;73,9;968;5;2
72,0;31,4;74,1;919;5;2
73,0;31,4;74,2;749;5;2
75,0;31,4;74,3;773;5;2
75,0;31,4;74,1;1098;5;2
75,0;31,4;73,9;1088;5;2
77,0;31,3;73,7;922;5;2
74,0;31,3;73,7;1190;5;2
75,0;31,3;73,8;899;5;2
76,0;31,3;73,9;870;5;2
77,0;31,3;73,8;947;5;2
69,0;31,4;74,2;193;5;2
75,0;31,4;74,6;1049;5;2
66,0;31,5;74,4;1223;5;2
64,0;31,5;74,3;818;5;2
63,0;31,6;74,0;610;5;2
63,0;31,6;73,7;552;5;2
63,0;31,7;73,4;547;5;2
63,0;31,7;73,3;610;5;2
63,0;31,8;73,3;568;5;2
93,0;31,8;72,8;570;5;0
94,0;31,7;72,6;600;5;0
94,0;31,6;72,9;592;5;0
94,0;31,6;72,9;595;5;0
94,0;31,6;72,9;560;5;0
94,0;31,6;73,0;529;5;0
92,0;31,6;73,1;580;5;0
93,0;31,6;73,2;666;5;0
93,0;31,6;73,2;714;5;0
92,0;31,6;73,3;742;5;0
92,0;31,6;73,4;792;5;0
92,0;31,6;73,7;760;5;0
92,0;31,6;74,0;715;5;0
91,0;31,6;74,1;700;5;0
91,0;31,7;74,0;719;5;0
92,0;31,7;73,3;767;5;0
90,0;31,7;73,7;780;5;0
90,0;31,6;74,0;765;5;0
90,0;31,6;73,9;735;5;0
89,0;31,6;73,8;720;5;0
85,0;31,6;73,6;682;5;0
89,0;31,5;73,4;674;5;0
89,0;31,5;73,4;676;5;0
91,0;31,6;73,4;638;5;0
81,0;31,6;73,6;707;5;0
88,0;31,6;73,7;710;5;0
88,0;31,6;73,9;740;5;0
81,0;31,5;73,7;1050;5;0
89,0;31,5;73,8;1025;5;0
90,0;31,6;73,9;989;5;0
85,0;31,5;73,8;979;5;0
91,0;31,6;74,0;669;5;0
86,0;31,6;74,0;665;5;0
85,0;31,6;74,0;716;5;0
78,0;31,6;74,1;1067;5;2
80,0;31,6;74,1;1039;5;0
84,0;31,6;74,0;1041;5;0
84,0;31,6;74,1;1048;5;0
84,0;31,6;74,1;1055;5;0
84,0;31,7;74,1;1083;5;0
83,0;31,7;74,7;169;5;0
82,0;31,7;75,0;172;5;0
79,0;31,7;74,9;829;5;2
82,0;31,7;74,7;800;5;0
143,0;30,3;78,7;0;5;0
130,0;30,6;78,2;928;5;0
128,0;30,7;77,6;889;5;0
189,0;30,8;77,2;818;5;0
165,0;30,9;76,9;858;5;0
162,0;30,9;76,2;1097;5;0
163,0;30,9;75,8;1099;5;0
139,0;31,0;76,1;769;5;0
137,0;31,0;76,2;778;5;0
79,0;31,0;75,7;699;5;2
78,0;31,0;75,5;442;5;2
76,0;31,1;75,3;464;5;2
75,0;31,1;75,7;396;5;2
77,0;31,1;75,2;471;5;2
75,0;31,1;75,1;404;5;2
93,0;31,1;75,3;522;5;0
92,0;31,1;75,2;530;5;0
91,0;31,1;75,3;575;5;0
98,0;31,1;75,5;201;5;0
95,0;31,1;75,4;644;5;0
94,0;31,2;75,6;648;5;0
0,0;31,1;75,6;631;5;1
81,0;31,1;75,5;602;5;0
0,0;31,2;75,5;536;5;1
84,0;31,2;75,5;538;5;0
82,0;31,2;75,5;457;5;0
81,0;31,2;75,5;504;5;0
83,0;31,2;75,6;501;5;0
0,0;31,2;75,5;525;5;1
94,0;31,2;75,3;583;5;0
94,0;31,2;75,3;525;5;0
93,0;31,2;74,9;516;5;0
97,0;31,2;74,8;490;5;0
95,0;31,1;74,8;491;5;0
94,0;31,1;74,9;512;5;0
82,0;31,1;75,2;544;5;0
78,0;31,0;75,4;675;5;2
74,0;31,0;75,1;941;5;2
72,0;31,0;75,0;931;5;2
71,0;31,0;75,1;873;5;2
68,0;31,1;75,2;963;5;2
74,0;31,1;75,2;901;5;2
64,0;31,1;75,2;868;5;2
79,0;31,1;75,2;919;5;2
74,0;31,1;75,3;961;5;2
71,0;31,1;75,1;986;5;2
66,0;31,1;75,2;1020;5;2
70,0;31,1;75,2;989;5;2
74,0;31,2;75,1;648;5;2
70,0;31,2;74,8;669;5;2
67,0;31,2;75,0;740;5;2
63,0;31,1;74,7;975;5;2
79,0;31,1;74,6;869;5;2
75,0;31,1;74,6;1006;5;2
73,0;31,1;74,6;1003;5;2
70,0;31,1;74,7;980;5;2
66,0;31,1;75,0;977;5;2
62,0;31,2;75,0;1040;5;2
77,0;31,2;75,1;1032;5;2
78,0;31,2;75,1;761;5;2
74,0;31,2;75,0;779;5;2
68,0;31,3;75,0;802;5;2
64,0;31,3;75,0;872;5;2
77,0;31,3;75,0;706;5;2
76,0;31,3;75,1;685;5;2
72,0;31,3;75,0;640;5;2
68,0;31,3;74,8;650;5;2
64,0;31,3;74,5;701;5;2
74,0;31,3;74,5;605;5;2
76,0;31,3;74,7;605;5;2
73,0;31,3;74,7;598;5;2
67,0;31,3;74,6;550;5;2
64,0;31,3;74,6;488;5;2
74,0;31,3;74,7;465;5;2
76,0;31,3;74,7;465;5;2
73,0;31,2;74,3;504;5;2
70,0;31,2;74,3;518;5;2
64,0;31,2;74,4;590;5;2
60,0;31,2;74,4;1044;5;1
79,0;31,1;74,6;1033;5;2
75,0;31,1;75,0;991;5;2
73,0;31,1;75,1;998;5;2
68,0;31,2;75,2;999;5;2
63,0;31,2;75,2;999;5;2
75,0;31,2;75,0;1051;5;2
77,0;31,2;74,9;1089;5;2
74,0;31,2;74,9;1113;5;2
69,0;31,2;75,2;1115;5;2
64,0;31,2;75,0;1070;5;2
61,0;31,2;75,1;1099;5;2
78,0;31,3;75,0;1060;5;2
78,0;31,3;75,0;1090;5;2
76,0;31,3;74,6;1095;5;2
71,0;31,3;74,5;1091;5;2
68,0;31,4;74,4;1096;5;2
63,0;31,4;74,4;1100;5;2
58,0;31,4;74,4;1030;5;1
76,0;31,4;74,4;1098;5;2
73,0;31,4;74,4;1159;5;2
68,0;31,5;74,4;1167;5;2
65,0;31,5;74,4;1096;5;2
73,0;31,5;74,4;1060;5;2
77,0;31,6;74,4;1074;5;2
75,0;31,6;74,6;1126;5;2
72,0;31,6;74,4;1022;5;2
68,0;31,6;74,1;933;5;2
64,0;31,6;73,9;1103;5;2
76,0;31,6;73,7;756;5;2
75,0;31,6;73,6;852;5;2
71,0;31,6;73,5;750;5;2
67,0;31,6;73,1;1050;5;2
64,0;31,5;73,3;1220;5;2
57,0;31,5;73,4;774;5;1
78,0;31,5;73,5;889;5;2
73,0;31,5;73,3;801;5;2
69,0;31,5;73,4;690;5;2
63,0;31,5;73,4;1240;5;2
78,0;31,5;73,5;657;5;2
74,0;31,5;73,7;674;5;2
67,0;31,5;74,0;1185;5;1
3,0;31,2;75,6;465;6;1
5,0;31,2;75,6;409;6;1
7,0;31,2;75,6;382;6;1
9,0;31,2;75,6;382;6;1
11,0;31,2;75,6;370;6;1
13,0;31,2;75,6;461;6;1
15,0;31,2;75,6;420;6;1
17,0;31,2;75,6;411;6;1
19,0;31,2;75,6;317;6;1
21,0;31,2;75,6;310;6;1
23,0;31,2;75,6;310;6;1
25,0;31,2;75,6;323;6;1
27,0;31,2;75,6;343;6;1
29,0;31,2;75,6;391;6;1
31,0;31,2;75,6;408;6;1
33,0;31,2;75,6;418;6;1
23,0;31,2;75,6;425;6;1
13,0;31,2;75,6;488;6;1
14,0;31,2;75,6;564;6;1
15,0;31,2;75,6;554;6;1
16,0;31,2;75,6;501;6;1
17,0;31,2;75,6;459;6;1
18,0;31,2;75,6;488;6;1
19,0;31,2;75,6;474;6;1
20,0;31,2;75,6;345;6;1
21,0;31,2;75,6;310;6;1
22,0;31,2;75,6;187;6;1
23,0;31,2;75,6;166;6;1
24,0;1,0;1,0;122;6;1
25,0;31,9;71,8;138;6;1
76,0;1,0;1,0;200;6;2
83,0;34,2;62,1;224;6;0
70,0;34,2;62,4;436;6;2
75,0;34,3;62,8;314;6;2
84,0;35,2;62,8;259;6;0
77,0;35,2;62,8;266;6;1
84,0;35,2;60,3;215;6;0
76,0;35,3;58,5;207;6;2
76,0;35,3;58,5;207;6;2
76,0;34,8;59,1;194;6;2
75,0;34,8;59,1;176;6;2
68,0;35,0;59,8;169;6;2
69,0;34,9;60,9;186;6;2
70,0;34,8;61,0;210;6;2
71,0;34,8;60,7;253;6;2
76,0;34,8;60,8;300;6;2
80,0;34,8;60,0;381;6;0
78,0;34,9;60,1;562;6;2
87,0;34,9;60,2;620;6;0
73,0;34,9;60,8;538;6;2
85,0;34,9;61,4;531;6;0
103,0;1,0;1,0;578;6;0
97,0;34,6;62,1;679;6;0
0,0;34,7;63,1;552;6;1
2,0;34,7;63,1;589;6;1
44,0;35,2;61,8;617;6;1
87,0;35,5;60,6;613;6;0
55,0;35,5;60,6;568;6;1
81,0;35,5;60,6;480;6;2
146,0;35,2;60,0;430;6;0
138,0;35,2;59,9;434;6;0
131,0;35,2;59,9;383;6;0
114,0;34,9;60,4;332;6;0
104,0;34,8;60,7;300;6;0
104,0;34,7;60,4;283;6;0
102,0;34,7;60,8;299;6;0
103,0;34,7;60,8;324;6;0
92,0;1,0;1,0;309;6;0
97,0;1,0;1,0;299;6;0
94,0;34,5;61,5;305;6;0
88,0;34,5;61,7;321;6;0
84,0;34,5;61,7;265;6;0
86,0;34,9;60,8;305;6;0
84,0;34,6;61,4;310;6;0
87,0;34,5;61,7;322;6;0
87,0;34,5;61,2;330;6;0
87,0;34,8;61,7;408;6;0
86,0;34,8;58,5;414;6;0
89,0;34,5;58,2;404;6;0
88,0;34,6;58,8;380;6;0
91,0;34,6;60,1;349;6;0
90,0;34,5;60,6;447;6;0
91,0;34,5;59,6;376;6;0
92,0;34,5;59,5;370;6;0
94,0;34,5;60,1;414;6;0
95,0;34,6;60,4;439;6;0
93,0;34,5;60,9;481;6;0
96,0;34,6;61,1;522;6;0
98,0;34,5;60,6;479;6;0
97,0;34,6;60,5;444;6;0
98,0;34,6;61,3;417;6;0
98,0;34,6;61,1;410;6;0
97,0;34,7;60,5;340;6;0
99,0;34,7;59,0;352;6;0
100,0;34,7;60,5;406;6;0
100,0;34,7;60,6;433;6;0
102,0;34,6;58,9;442;6;0
100,0;34,6;59,7;477;6;0
103,0;34,6;61,0;502;6;0
103,0;34,7;60,2;551;6;0
100,0;34,7;60,7;468;6;0
103,0;34,5;59,4;511;6;0
103,0;34,5;58,7;409;6;0
104,0;34,6;60,0;367;6;0
102,0;34,5;60,3;338;6;0
100,0;34,6;61,4;356;6;0
105,0;34,7;61,3;381;6;0
104,0;34,7;60,5;352;6;0
103,0;34,7;59,0;298;6;0
105,0;34,7;58,8;275;6;0
102,0;34,7;59,4;279;6;0
103,0;34,7;60,9;337;6;0
103,0;34,7;61,8;387;6;0
104,0;34,7;61,7;315;6;0
105,0;34,8;61,4;304;6;0
102,0;34,8;61,4;301;6;0
107,0;34,8;60,9;314;6;0
104,0;34,6;59,9;318;6;0
105,0;34,6;58,5;334;6;0
107,0;34,6;59,5;365;6;0
2,0;1,0;1,0;382;6;1
3,0;28,4;82,1;400;6;1
4,0;28,6;81,3;407;6;1
5,0;28,7;81,0;421;6;1
6,0;28,8;80,6;430;6;1
7,0;28,9;80,3;429;6;1
8,0;29,0;80,1;427;6;1
9,0;29,0;79,9;476;6;1
10,0;1,0;1,0;460;6;1
11,0;34,0;63,4;455;6;1
12,0;33,9;63,6;389;6;1
13,0;33,8;63,8;376;6;1
14,0;33,7;64,1;460;6;1
15,0;33,7;64,2;399;6;1
16,0;33,6;64,4;410;6;1
17,0;33,5;64,9;413;6;1
18,0;33,4;65,1;409;6;1
19,0;33,4;65,3;399;6;1
20,0;33,3;65,9;337;6;1
21,0;33,2;66,0;324;6;1
22,0;33,1;65,8;325;6;1
23,0;33,1;65,5;348;6;1
24,0;33,0;66,1;370;6;1
25,0;33,0;66,5;350;6;1
26,0;32,9;66,7;313;6;1
22,0;32,8;66,9;311;6;1
23,0;32,8;67,2;316;6;1
24,0;32,7;67,2;340;6;1
25,0;32,7;67,4;413;6;1
26,0;32,6;67,7;335;6;1
27,0;32,6;68,0;344;6;1
28,0;32,6;68,2;352;6;1
29,0;32,5;68,4;348;6;1
30,0;32,5;68,6;356;6;1
31,0;32,5;68,7;380;6;1
32,0;32,4;68,8;422;6;1
33,0;32,4;68,8;454;6;1
34,0;32,4;68,9;444;6;1
35,0;32,4;68,9;427;6;1
36,0;32,4;68,9;415;6;1
37,0;32,4;68,9;434;6;1
38,0;32,4;68,9;400;6;1
39,0;32,4;68,9;287;6;1
40,0;32,4;68,7;260;6;1
41,0;33,5;68,7;227;6;1
42,0;33,5;67,2;207;6;1
43,0;33,6;66,4;198;6;1
44,0;33,9;65,8;190;6;1
45,0;33,9;65,6;232;6;1
46,0;33,9;65,6;51;6;1
47,0;33,9;65,6;355;6;1
48,0;34,4;65,6;321;6;1
49,0;34,4;63,8;286;6;1
50,0;34,4;63,8;320;6;1
51,0;34,6;63,6;370;6;1
52,0;34,6;63,6;489;6;1
53,0;34,6;63,6;620;6;1
54,0;34,5;63,2;675;6;1
55,0;34,5;63,2;715;6;1
56,0;34,5;63,2;662;6;1
57,0;1,0;1,0;693;6;1
58,0;33,4;66,5;856;6;1
75,0;34,9;62,1;861;6;2
73,0;35,6;60,9;841;6;2
72,0;35,8;59,9;829;6;2
71,0;35,8;59,9;771;6;2
70,0;36,0;59,2;685;6;2
69,0;36,0;59,2;670;6;2
69,0;36,1;59,2;650;6;2
68,0;36,1;59,2;706;6;2
68,0;36,1;59,5;768;6;2
67,0;36,1;59,2;777;6;2
68,0;36,1;59,2;721;6;2
67,0;36,1;59,2;668;6;2
68,0;36,4;59,9;608;6;2
67,0;36,4;59,9;588;6;2
67,0;36,4;59,9;565;6;2
67,0;36,4;59,9;666;6;2
67,0;36,5;59,5;799;6;2
67,0;36,4;59,0;778;6;2
87,0;36,4;59,0;766;6;0
73,0;36,4;59,0;750;6;2
73,0;36,4;59,0;749;6;2
72,0;36,4;59,0;745;6;2
72,0;36,4;58,1;777;6;2
0,0;34,5;58,1;809;6;1
0,0;34,5;61,4;929;6;1
99,0;34,5;61,0;987;6;0
84,0;34,5;61,5;1011;6;0
80,0;34,5;60,4;1060;6;0
79,0;34,5;60,7;1007;6;2
79,0;34,5;61,2;972;6;2
82,0;34,5;61,3;934;6;0
80,0;34,5;61,8;1072;6;0
81,0;34,5;61,3;1095;6;0
79,0;34,4;61,2;1063;6;1
79,0;34,4;61,5;1066;6;1
78,0;34,4;62,8;1163;6;1
97,0;34,5;63,0;1109;6;0
97,0;34,6;63,1;856;6;0
97,0;34,6;63,3;894;6;0
96,0;34,7;63,2;765;6;0
89,0;34,6;62,3;833;6;0
68,0;34,6;62,2;745;6;2
101,0;34,5;59,4;708;6;0
97,0;34,4;58,0;859;6;0
97,0;34,2;57,5;1049;6;0
95,0;34,1;58,3;984;6;0
99,0;34,1;58,7;953;6;0
97,0;34,0;59,1;1059;6;0
96,0;34,0;59,3;1034;6;0
96,0;33,9;59,3;932;6;0
101,0;34,0;59,7;874;6;0
97,0;34,0;60,2;709;6;0
77,0;33,9;61,2;844;6;2
99,0;33,9;62,0;826;6;0
98,0;33,9;62,2;811;6;0
96,0;33,9;62,7;774;6;0
69,0;34,0;62,7;658;6;2
99,0;33,9;61,9;745;6;0
99,0;33,8;61,8;498;6;0
96,0;33,8;62,8;465;6;0
99,0;33,9;63,4;478;6;0
98,0;33,9;63,2;597;6;0
96,0;33,9;63,4;766;6;0
96,0;34,0;63,8;725;6;0
96,0;34,0;63,3;680;6;0
95,0;34,0;60,7;589;6;0
95,0;34,0;60,1;546;6;0
95,0;34,0;60,4;500;6;0
95,0;34,0;60,5;470;6;0
95,0;34,0;61,1;464;6;0
95,0;34,0;61,3;603;6;0
95,0;34,1;61,7;463;6;0
95,0;34,1;61,9;507;6;0
95,0;34,2;62,1;562;6;0
95,0;34,2;61,8;506;6;0
95,0;34,2;62,7;521;6;0
95,0;34,2;60,6;524;6;0
95,0;34,2;60,8;522;6;0
95,0;34,3;61,2;530;6;0
95,0;34,3;61,4;534;6;0
96,0;34,4;61,8;523;6;0
95,0;34,4;61,7;519;6;0
95,0;34,4;61,7;532;6;0
86,0;34,5;61,8;535;6;0
80,0;34,6;61,7;542;6;0
74,0;34,6;61,6;515;6;2
77,0;34,6;61,1;543;6;2
97,0;34,6;61,8;527;6;0
96,0;34,6;62,1;525;6;0
95,0;34,5;62,3;521;6;0
91,0;34,5;60,7;504;6;0
35,0;34,4;59,3;1199;6;1
98,0;34,4;59,9;1198;6;0
96,0;34,4;60,2;1040;6;0
96,0;34,4;59,8;996;6;0
83,0;34,4;59,1;1221;6;0
83,0;34,9;57,4;1264;6;2
83,0;34,9;57,4;1350;6;2
83,0;34,9;57,4;1375;6;2
83,0;34,7;57,4;1393;6;2
84,0;34,7;58,0;1365;6;2
84,0;34,6;57,1;1360;6;2
84,0;34,6;56,8;1304;6;2
85,0;34,4;56,6;1243;6;2
85,0;33,9;55,9;1370;6;2
85,0;33,6;56,9;1321;6;2
85,0;33,8;57,2;1360;6;2
84,0;33,9;57,2;1298;6;2
98,0;34,0;57,8;1275;6;0
98,0;34,0;58,7;1227;6;0
95,0;34,0;59,4;1254;6;0
82,0;33,9;58,4;1273;6;0
81,0;33,9;59,3;1196;6;0
71,0;33,9;58,9;1170;6;2
0,0;33,9;59,1;1118;6;1
82,0;34,0;59,9;1119;6;0
82,0;34,0;61,2;1147;6;0
82,0;34,0;60,4;1285;6;0
82,0;34,0;61,0;1256;6;0
97,0;34,1;61,7;1270;6;0
96,0;34,1;61,5;1267;6;0
96,0;34,2;61,3;1305;6;0
93,0;34,2;61,4;1342;6;0
93,0;34,4;61,3;1398;6;0
93,0;34,4;60,0;1518;6;0
93,0;34,6;58,4;1591;6;0
93,0;34,7;59,0;1585;6;0
93,0;34,8;59,5;1257;6;0
93,0;34,9;58,8;1071;6;0
93,0;34,9;57,8;1044;6;0
93,0;35,0;57,4;1212;6;0
92,0;35,1;58,4;1479;6;0
92,0;35,0;57,3;1553;6;0
93,0;35,0;56,9;1712;6;0
93,0;35,1;57,7;1452;6;0
93,0;35,0;58,1;1329;6;0
93,0;35,0;58,4;1499;6;0
93,0;35,1;58,3;1405;6;0
93,0;35,1;58,2;1491;6;0
93,0;35,1;58,4;1225;6;0
93,0;35,2;59,2;1214;6;0
93,0;35,2;59,3;1228;6;0
93,0;35,2;59,2;1271;6;0
93,0;35,3;59,3;1150;6;0
93,0;35,3;59,4;1095;6;0
93,0;35,3;58,7;1022;6;0
93,0;35,4;58,1;1270;6;0
93,0;35,3;58,1;1431;6;0
93,0;35,4;57,3;1421;6;0
65,0;28,6;77,2;1050;6;2
78,0;30,6;70,2;1150;6;2
67,0;30,6;70,7;1156;6;2
73,0;30,6;70,5;1022;6;2
80,0;30,6;70,3;648;6;0
66,0;30,7;70,6;655;6;2
71,0;30,7;71,1;558;6;2
82,0;30,7;71,1;395;6;0
63,0;30,7;71,4;327;6;2
74,0;30,7;70,2;320;6;2
74,0;30,7;70,2;300;6;2
59,0;30,6;70,0;245;6;1
79,0;30,6;70,1;270;6;2
61,0;30,5;69,9;362;6;2
75,0;30,5;70,0;485;6;2
75,0;30,5;70,0;410;6;2
58,0;30,5;70,0;359;6;1
74,0;30,5;69,3;420;6;2
76,0;30,4;69,3;318;6;2
70,0;30,4;69,5;305;6;2
74,0;30,4;69,5;321;6;2
71,0;30,4;69,8;450;6;2
76,0;30,4;68,6;505;6;2
56,0;30,3;68,7;550;6;1
78,0;30,3;68,6;555;6;2
63,0;30,3;68,5;833;6;2
72,0;30,3;68,9;839;6;2
83,0;30,3;69,0;558;6;0
64,0;30,2;69,4;469;6;2
75,0;30,2;70,0;527;6;2
76,0;30,3;69,0;376;6;2
58,0;30,2;68,4;565;6;1
74,0;30,1;68,7;445;6;2
74,0;30,1;69,0;400;6;2
67,0;30,1;69,2;454;6;2
84,0;30,1;69,6;504;6;0
62,0;30,6;69,5;520;6;2
72,0;30,8;68,9;566;6;2
75,0;30,9;68,1;629;6;2
64,0;31,0;67,5;645;6;2
71,0;31,0;66,3;654;6;2
73,0;31,0;65,3;643;6;2
67,0;31,0;65,3;565;6;2
83,0;31,0;65,6;409;6;0
58,0;31,1;65,8;494;6;1
76,0;31,1;65,5;330;6;2
59,0;31,1;65,1;291;6;1
80,0;31,0;64,5;289;6;0
65,0;31,0;64,4;296;6;2
73,0;30,9;64,6;283;6;2
68,0;30,9;64,9;284;6;2
73,0;30,9;65,2;304;6;2
68,0;30,9;65,4;334;6;2
71,0;30,9;65,6;398;6;2
56,0;30,9;65,6;511;6;1
70,0;31,0;65,6;550;6;2
76,0;31,0;65,6;547;6;2
71,0;31,1;65,8;439;6;2
69,0;31,1;65,8;575;6;2
75,0;31,1;65,9;556;6;2
60,0;31,2;65,9;310;6;1
84,0;31,2;65,1;312;6;0
66,0;31,2;65,0;320;6;2
75,0;31,2;64,9;307;6;2
73,0;31,2;65,1;298;6;2
60,0;31,2;65,0;318;6;1
68,0;31,2;65,1;380;6;2
72,0;31,2;65,5;404;6;2
72,0;31,2;65,8;463;6;2
69,0;31,2;65,9;588;6;2
70,0;31,3;65,7;731;6;2
76,0;31,3;65,7;720;6;2
56,0;31,3;65,9;846;6;1
81,0;31,3;66,5;810;6;0
66,0;31,3;66,9;844;6;2
69,0;31,3;67,0;743;6;2
75,0;31,3;66,6;730;6;2
62,0;31,4;66,2;996;6;2
71,0;31,4;66,3;832;6;2
69,0;31,4;66,3;659;6;2
69,0;31,4;66,3;706;6;2
66,0;31,5;66,5;583;6;2
79,0;31,5;66,8;464;6;2
70,0;31,5;67,0;580;6;2
65,0;31,5;66,8;455;6;2
74,0;31,5;66,3;549;6;2
73,0;31,5;66,1;580;6;2
71,0;31,5;65,9;574;6;2
67,0;31,5;66,1;561;6;2
76,0;31,5;66,0;534;6;2
62,0;31,5;66,1;487;6;2
72,0;31,5;66,4;459;6;2
70,0;31,5;66,5;447;6;2
70,0;31,6;66,0;511;6;2
68,0;31,6;66,0;631;6;2
69,0;31,5;65,7;730;6;2
65,0;31,5;65,6;831;6;2
62,0;31,5;65,2;912;6;2
77,0;31,4;65,2;874;6;2
61,0;31,4;65,5;903;6;2
70,0;31,3;65,9;877;6;2
62,0;31,3;66,2;581;6;2
80,0;31,3;66,4;567;6;0
64,0;31,3;66,4;380;6;2
82,0;31,3;66,9;368;6;0
55,0;31,3;65,4;338;6;1
80,0;31,2;65,2;345;6;0
64,0;31,2;65,6;374;6;2
72,0;31,2;66,0;423;6;2
75,0;31,2;65,6;537;6;2
60,0;31,1;65,5;662;6;1
81,0;31,2;65,9;725;6;0
64,0;31,2;65,9;941;6;2
66,0;31,2;66,1;869;6;2
80,0;31,2;66,4;725;6;0
71,0;31,2;66,6;629;6;2
63,0;31,2;66,2;525;6;2
79,0;31,2;65,7;355;6;2
60,0;31,2;65,1;300;6;1
79,0;31,2;65,0;229;6;2
63,0;31,1;64,7;204;6;2
78,0;31,1;64,5;196;6;2
65,0;31,1;64,2;206;6;2
80,0;31,1;64,4;224;6;0
58,0;31,1;64,6;233;6;1
71,0;31,2;65,1;234;6;2
65,0;31,2;65,5;222;6;2
64,0;31,2;65,5;220;6;2
68,0;31,3;64,5;215;6;2
66,0;31,3;64,0;208;6;2
80,0;31,3;64,3;204;6;0
61,0;31,3;64,0;197;6;2
61,0;31,3;63,1;195;6;2
71,0;31,3;63,2;203;6;2
65,0;31,3;63,7;219;6;2
71,0;31,3;64,1;248;6;2
69,0;31,3;63,3;301;6;2
59,0;31,3;62,7;368;6;1
79,0;31,3;62,9;388;6;2
60,0;31,3;63,3;409;6;1
82,0;31,3;63,8;402;6;0
60,0;31,4;63,9;449;6;1
84,0;31,4;63,8;544;6;0
56,0;31,5;64,2;553;6;1
;;;;;
;;;;;
;;;;;
;;;;;
;;;;;
;;;;;
;;;;;
;;;;;
;;;;;
;;;;;
;;;;;
;;;;;
;;;;;
;;;;;
;;;;;
;;;;;
;;;;;
;;;;;
;;;;;
;;;;;
;;;;;
;;;;;
;;;;;
;;;;;
;;;;;
;;;;;
;;;;;
;;;;;
;;;;;
;;;;;
;;;;;
;;;;;
;;;;;
;;;;;
;;;;;
;;;;;
;;;;;
;;;;;
;;;;;
;;;;;
;;;;;
;;;;;
;;;;;
;;;;;
;;;;;
;;;;;
;;;;;
;;;;;
;;;;;
;;;;;
;;;;;
;;;;;
;;;;;
;;;;;
;;;;;
;;;;;
;;;;;
;;;;;
;;;;;
;;;;;
;;;;;
;;;;;
;;;;;
;;;;;
;;;;;
;;;;;
;;;;;
;;;;;
;;;;;
;;;;;
;;;;;
;;;;;
;;;;;
;;;;;
;;;;;
;;;;;
;;;;;
;;;;;